UNIQUE_ID,Class 2 Prob,Hire
245138556,0.23959523809523808,0
245114650,0.24583333333333335,0
245237284,0.2542142857142857,0
126081686,0.2575,0
245136607,0.2708214285714286,0
245035564,0.27349801587301587,0
244334408,0.2745833333333333,0
245067514,0.28128571428571425,0
245229389,0.28575,0
245093581,0.28750000000000003,0
245185835,0.2876309523809525,0
243373481,0.29058928571428577,0
124621507,0.2941666666666667,0
245226345,0.29479761904761914,0
245063824,0.2955833333333333,0
238621378,0.29575,0
245226461,0.2981666666666667,0
245170527,0.29884523809523805,0
237271787,0.29924999999999996,0
245190737,0.29970238095238094,0
245252280,0.30191666666666667,0
241794266,0.303,0
239512149,0.3033095238095237,0
244991655,0.30566666666666664,0
245121376,0.3089166666666667,0
245146741,0.3115833333333333,0
245205581,0.3164761904761905,0
239280277,0.3196666666666667,0
231316963,0.32116666666666677,0
245075748,0.32233333333333336,0
245002178,0.32275,0
245098061,0.32483333333333325,0
245166680,0.3265,0
245097376,0.32738636363636375,0
244456147,0.32812500000000006,0
245224891,0.3288452380952381,0
244946502,0.32926190476190476,0
245129336,0.32942261904761905,0
125028230,0.32971428571428574,0
245196515,0.33158333333333334,0
238585319,0.3319166666666667,0
245191350,0.3322261904761905,0
241553650,0.3331666666666666,0
244917891,0.33433333333333337,0
245173199,0.3345357142857142,0
245170901,0.3355714285714286,0
245150192,0.3373333333333333,0
237976547,0.3378809523809524,0
245220684,0.33791666666666664,0
245226067,0.33913095238095237,0
240764806,0.3392222222222223,0
245155877,0.33941666666666664,0
245051324,0.3411309523809524,0
245085596,0.3421309523809524,0
245246877,0.3423392857142858,0
245191124,0.34307142857142864,0
245226045,0.34374999999999994,0
245164253,0.3441666666666666,0
245107518,0.3441666666666666,0
245097386,0.3443452380952381,0
245091726,0.34501190476190474,0
241793656,0.3450833333333334,0
245100385,0.3455416666666667,0
245229149,0.3460476190476191,0
126151038,0.3472976190476191,0
245205287,0.3475059523809524,0
245048150,0.34758333333333336,0
242265546,0.3484722222222223,0
245046219,0.348547619047619,0
244935805,0.34858333333333313,0
245021537,0.34891666666666665,0
240008381,0.3490833333333333,0
245093346,0.34941666666666665,0
245134442,0.35060714285714284,0
245103477,0.3512916666666666,0
244940560,0.3515,0
245129097,0.3527083333333334,0
245180340,0.35304761904761905,0
245092091,0.35375,0
245161235,0.3541785714285715,0
245196921,0.35452380952380946,0
245089503,0.35466666666666663,0
245199044,0.3548809523809524,0
120606170,0.3549999999999999,0
245080148,0.3550833333333334,0
245261354,0.3559583333333334,0
238872295,0.35602380952380946,0
245134600,0.3572857142857144,0
233995410,0.3574880952380952,0
245172865,0.3582261904761904,0
245167774,0.3586666666666666,0
245052570,0.3586666666666667,0
245100898,0.358702380952381,0
245003436,0.359654761904762,0
245219945,0.36033333333333334,0
245054898,0.36033333333333334,0
245206266,0.36060714285714274,0
245156599,0.3608333333333333,0
245112148,0.3611190476190476,0
238425165,0.3613333333333333,0
240626947,0.3620833333333333,0
245134522,0.3621428571428572,0
244972267,0.3622142857142858,0
242445320,0.3637500000000001,0
245204977,0.3638809523809524,0
245026037,0.36420238095238106,0
243405074,0.36438095238095236,0
123172385,0.36458333333333337,0
244292501,0.3651309523809524,0
245100408,0.36583333333333334,0
242971061,0.36601190476190476,0
245096120,0.36616666666666675,0
244952906,0.3664285714285713,0
245229323,0.3665,0
245014871,0.3671666666666667,0
245226459,0.3674166666666667,0
243422421,0.3678333333333333,0
245116968,0.36795833333333333,0
242583134,0.3685,0
245040835,0.3685000000000001,0
245191877,0.36851190476190476,0
244974543,0.3685833333333333,0
245201797,0.3688809523809525,0
245226891,0.3689166666666667,0
245192889,0.36916666666666664,0
245228741,0.36917857142857136,0
245230120,0.3694166666666666,0
245235743,0.3695000000000001,0
243360854,0.3700833333333335,0
244242718,0.3704166666666665,0
244949631,0.3707142857142857,0
245191889,0.37115476190476193,0
245176479,0.37199999999999994,0
245091492,0.37241666666666673,0
245226027,0.3724642857142857,0
244959938,0.3725833333333333,0
245216787,0.37375,0
244964674,0.3737662337662337,0
245040289,0.37383333333333335,0
245088777,0.3739880952380952,0
245181016,0.3746666666666666,0
245093453,0.37475,0
245135058,0.37496428571428575,0
245096473,0.3751190476190475,0
245207928,0.37558333333333344,0
245114158,0.37608333333333327,0
245196172,0.37633333333333324,0
245241027,0.3765833333333333,0
244944634,0.37691666666666657,0
245060040,0.3774166666666667,0
241338401,0.37791666666666673,0
245060249,0.37792857142857145,0
245057166,0.3780833333333333,0
245113960,0.37858333333333344,0
245001310,0.37905952380952385,0
245172511,0.3794166666666666,0
245138635,0.3803333333333333,0
245208089,0.3804761904761905,0
235593398,0.38061904761904763,0
245170509,0.38062121212121214,0
244959495,0.38075,0
245159934,0.38079166666666675,0
245128678,0.38095634920634924,0
242922263,0.38103571428571437,0
245078913,0.38108333333333344,0
232425493,0.3813134920634921,0
245003621,0.3813452380952382,0
245190787,0.3816230158730159,0
245073402,0.3816785714285714,0
245026619,0.3816944444444444,0
244277622,0.3819642857142858,0
239583219,0.38205952380952374,0
245047872,0.3821785714285714,0
245090144,0.38233333333333325,0
244960688,0.38241666666666674,0
245016686,0.3825833333333334,0
245020690,0.38283333333333325,0
245177393,0.38299999999999995,0
245044356,0.383125,0
245216205,0.3834166666666667,0
245155605,0.38354166666666667,0
245079142,0.3835833333333334,0
244286331,0.38420238095238096,0
245187093,0.3845,0
245041333,0.384625,0
245089610,0.3846904761904762,0
245145242,0.384719696969697,0
245091697,0.38525000000000004,0
245186493,0.38530952380952377,0
245057767,0.38569047619047625,0
245101773,0.38575000000000004,0
243391758,0.38616666666666666,0
245200691,0.38623214285714286,0
245152751,0.38625,0
245096766,0.38641666666666663,0
245124335,0.38654761904761903,0
245236393,0.38665079365079363,0
244987529,0.38679166666666664,0
245205368,0.38680357142857147,0
245148619,0.38688095238095244,0
245142020,0.38699999999999996,0
245095777,0.3870714285714286,0
245113392,0.38721428571428573,0
245050553,0.38728571428571423,0
245121728,0.3875,0
242843929,0.3876666666666667,0
239067290,0.38782142857142843,0
245205961,0.38783333333333325,0
245160525,0.38789880952380945,0
245181771,0.38791666666666663,0
244984652,0.38826190476190453,0
245138191,0.38832142857142854,0
245091861,0.38848809523809513,0
245115131,0.3885,0
245059555,0.3886309523809524,0
245122193,0.38897619047619053,0
245179789,0.3890238095238096,0
244960493,0.38908333333333334,0
232295671,0.38908333333333334,0
232579258,0.38913095238095247,0
245059991,0.3891666666666667,0
245127441,0.38921428571428573,0
235562614,0.38925000000000004,0
245144639,0.38933333333333336,0
245091927,0.3899166666666667,0
245047967,0.39000000000000007,0
245109114,0.39008333333333334,0
245089960,0.3901488095238095,0
245250893,0.3902261904761904,0
245226120,0.39091666666666675,0
242488466,0.39096428571428565,0
244797238,0.3913214285714286,0
244967871,0.3914166666666666,0
245042444,0.3917678571428571,0
123305025,0.391875,0
245074237,0.3919285714285715,0
245090219,0.39213095238095236,0
245188321,0.3921726190476191,0
245172739,0.3924464285714286,0
245080721,0.3925,0
245059357,0.39275,0
245108961,0.3940833333333334,0
245065026,0.3940952380952381,0
245119476,0.3941785714285715,0
245091936,0.3943452380952383,0
244997505,0.3944583333333334,0
245073628,0.3949642857142858,0
245166668,0.39521428571428574,0
244989748,0.3952261904761905,0
243866115,0.3954761904761904,0
241109731,0.39558333333333323,0
245113043,0.39588095238095233,0
241665246,0.3960833333333333,0
234416884,0.39616666666666667,0
245151105,0.39625000000000005,0
243092191,0.3964166666666666,0
245076352,0.3965833333333333,0
244973687,0.39675000000000005,0
245261109,0.39725,0
240271624,0.3974166666666667,0
245087122,0.3978333333333333,0
245089708,0.3981666666666666,0
245169510,0.39874999999999994,0
245169755,0.3988690476190477,0
244968934,0.39891666666666664,0
236247410,0.39977380952380964,0
245080593,0.3998690476190476,0
129090216,0.3999047619047618,0
245213911,0.3999166666666666,0
245121055,0.4,0
242331177,0.4000000000000001,0
245173300,0.4000833333333334,0
245235524,0.4005714285714284,0
245047378,0.4005952380952381,0
245094067,0.4009285714285714,0
242998488,0.4011666666666667,0
245277883,0.4014166666666666,0
244987969,0.4015000000000001,0
245151143,0.40154761904761904,0
245080585,0.40158333333333346,0
244956938,0.4016666666666666,0
245146408,0.4016666666666667,0
245225154,0.40172619047619046,0
245202234,0.4019583333333334,0
245073758,0.4023333333333332,0
245211814,0.40253571428571433,0
245139808,0.4026031746031746,0
242139392,0.40266666666666673,0
245154953,0.4028333333333334,0
245176103,0.4029166666666666,0
245120838,0.40323809523809523,0
245240740,0.4038333333333334,0
239652052,0.4045892857142857,0
242938701,0.40475,0
239789003,0.40479761904761913,0
245191383,0.40491666666666665,0
244936678,0.40512301587301586,0
245222606,0.40513095238095237,0
245185056,0.4052738095238094,0
245260675,0.4052976190476191,0
245130601,0.4053333333333333,0
244982051,0.4054404761904762,0
244973741,0.40549999999999997,0
245075032,0.4055119047619047,0
244290605,0.4055833333333333,0
245128977,0.4058333333333332,0
245064965,0.4059166666666666,0
245264325,0.4060714285714287,0
245190894,0.4061309523809523,0
242291086,0.40625,0
241013620,0.40647619047619055,0
245070668,0.4065416666666667,0
244942102,0.40658333333333346,0
244982113,0.4068333333333334,0
240065100,0.4069166666666667,0
245205120,0.407,0
245080700,0.40700000000000003,0
245041843,0.4070833333333333,0
244992620,0.40724999999999995,0
245247523,0.40783333333333327,0
245123873,0.4080833333333333,0
245237160,0.40833333333333327,0
245170137,0.40838095238095234,0
245166261,0.40845238095238096,0
241373224,0.40875000000000006,0
242468404,0.4089166666666667,0
245051869,0.4089166666666667,0
239510958,0.40892857142857153,0
245176806,0.4089880952380952,0
245212369,0.4089999999999999,0
245036031,0.40903571428571434,0
245109764,0.40910714285714284,0
245120591,0.40941666666666654,0
245086817,0.40950000000000003,0
241678991,0.4096666666666666,0
233243321,0.4097380952380953,0
245159588,0.4098333333333333,0
241092454,0.4098333333333333,0
245145157,0.40988888888888897,0
245116564,0.4099642857142857,0
245097608,0.4101190476190477,0
230702492,0.41020833333333334,0
245241103,0.41055952380952376,0
245128884,0.4109404761904763,0
245180336,0.4114166666666667,0
244960559,0.4114523809523809,0
244964945,0.4117738095238096,0
236248808,0.41183333333333344,0
125984614,0.4120357142857143,0
245079631,0.4120476190476191,0
244966914,0.41241666666666676,0
244975112,0.41257142857142853,0
245102487,0.4129940476190477,0
245107141,0.41300000000000003,0
244945447,0.41316666666666657,0
245130673,0.41324999999999995,0
245109224,0.4135357142857143,0
245154603,0.4135714285714286,0
245041946,0.4141428571428571,0
245156342,0.4141904761904762,0
244565048,0.414202380952381,0
244049660,0.41466666666666674,0
245144600,0.4148333333333334,0
245021376,0.4151309523809523,0
245047653,0.41558333333333336,0
245155989,0.4157380952380951,0
245242303,0.41574999999999984,0
244968548,0.4158333333333333,0
244987619,0.4164166666666668,0
245235335,0.41658333333333336,0
239474138,0.41660714285714273,0
245052904,0.41666666666666663,0
245109218,0.4168333333333334,0
245130595,0.4169642857142858,0
233048109,0.41725,0
245175044,0.41725,0
245237394,0.4172916666666666,0
245080143,0.4176428571428572,0
245196978,0.4177261904761905,0
245115005,0.4178928571428571,0
245196076,0.41791666666666655,0
245187004,0.41800000000000004,0
245166762,0.41833333333333345,0
239470277,0.418345238095238,0
245127707,0.4188214285714286,0
245006306,0.41884523809523805,0
245084500,0.4189583333333334,0
245100354,0.4190833333333333,0
245085379,0.41916666666666663,0
242246793,0.41921428571428565,0
244992910,0.4194166666666667,0
245162284,0.4194166666666667,0
245167147,0.41982142857142857,0
244968699,0.41983333333333334,0
245211889,0.42,0
229824893,0.4200833333333333,0
245002239,0.42030952380952363,0
245114523,0.4204583333333333,0
245162341,0.42066666666666674,0
245225545,0.4207460317460317,0
245055561,0.4208452380952382,0
245047832,0.4209166666666666,0
245091226,0.42091666666666677,0
239567941,0.42102380952380947,0
245113083,0.42104761904761895,0
245211165,0.42108333333333325,0
245216637,0.4216250000000001,0
245090239,0.4217380952380952,0
245207900,0.4219166666666666,0
245220727,0.4219761904761905,0
232121707,0.42208333333333337,0
245011544,0.4222916666666668,0
245203329,0.42241666666666655,0
241411185,0.4224166666666666,0
245112963,0.42241666666666666,0
245118798,0.4225569985569986,0
245060681,0.4226547619047619,0
245247454,0.4227261904761906,0
245134003,0.4229999999999999,0
244989621,0.4232083333333334,0
245260480,0.4232559523809523,0
245007561,0.42375,0
245001425,0.42378571428571443,0
245180976,0.4238333333333334,0
245030976,0.423904761904762,0
245259113,0.4239285714285714,0
245175729,0.42414285714285727,0
245202131,0.42441666666666655,0
245245110,0.4244166666666666,0
245129209,0.42445238095238097,0
245073240,0.42449999999999993,0
245108719,0.4245119047619047,0
245084894,0.4249740259740259,0
245101531,0.42583333333333334,0
245225283,0.4260000000000001,0
245131000,0.42608333333333326,0
245135671,0.4261071428571428,0
243009966,0.4261666666666667,0
245150553,0.42633333333333334,0
245230474,0.4265000000000001,0
245000799,0.4265714285714286,0
239016741,0.4266666666666667,0
245200991,0.4268095238095237,0
238256517,0.42683333333333345,0
245108656,0.4269166666666667,0
245156872,0.4269166666666667,0
245096001,0.4269583333333333,0
245216857,0.42715476190476187,0
245066132,0.42733333333333334,0
245139130,0.4273809523809524,0
245201581,0.4274166666666666,0
245190111,0.42741666666666667,0
244985047,0.42745238095238086,0
245122398,0.42774999999999996,0
245074457,0.4277500000000001,0
245063682,0.4278095238095238,0
245133964,0.4279166666666667,0
245235495,0.427952380952381,0
245103686,0.428,0
245205410,0.42816666666666664,0
245115076,0.4282023809523809,0
228365169,0.4282142857142857,0
245129649,0.42824999999999996,0
244519934,0.4285833333333333,0
245269934,0.4286309523809525,0
245062205,0.428702380952381,0
244993004,0.4287083333333333,0
245176733,0.4287261904761905,0
124627996,0.42883333333333334,0
241982151,0.42886904761904765,0
244963500,0.42898809523809517,0
235895677,0.4290000000000001,0
245074848,0.4292222222222222,0
245261406,0.4295595238095239,0
229984071,0.4295833333333332,0
244954071,0.42963095238095245,0
245171646,0.42991666666666667,0
245231802,0.43,0
230879656,0.4302142857142857,0
245100523,0.4302500000000001,0
245145579,0.43034523809523806,0
244985008,0.43041666666666667,0
245074836,0.4310833333333333,0
245043725,0.43125,0
240880229,0.43125,0
237781221,0.4315000000000001,0
245035593,0.43208333333333326,0
245156412,0.43225,0
245030691,0.43240476190476196,0
245078565,0.43241666666666684,0
245114880,0.4329166666666666,0
245091511,0.43307142857142855,0
245252129,0.43333333333333335,0
122486436,0.433375,0
245202305,0.43337500000000007,0
245081327,0.43338095238095237,0
245211300,0.43371428571428566,0
245123333,0.43376587301587316,0
245171593,0.43380952380952387,0
245128148,0.4338571428571428,0
245230784,0.4339166666666667,0
245241642,0.4340833333333334,0
245098322,0.43421428571428566,0
245177228,0.4343333333333333,0
245123814,0.43458333333333327,0
245047453,0.4346666666666667,0
245198272,0.43483333333333335,0
245035346,0.43516666666666665,0
245025486,0.4351904761904762,0
245033117,0.4353333333333333,0
245098106,0.4355119047619047,0
240384991,0.43566666666666654,0
227117606,0.4359166666666667,0
245099705,0.43607142857142855,0
245191039,0.4360833333333333,0
245113044,0.4362500000000001,0
245133730,0.43630555555555545,0
239634464,0.4364642857142856,0
245229020,0.43658333333333327,0
245202492,0.4366547619047618,0
245067122,0.43666666666666665,0
245102528,0.4367499999999999,0
223699200,0.43675,0
245130791,0.4368333333333333,0
232417855,0.43704761904761896,0
245032961,0.4373333333333333,0
245118023,0.43733333333333346,0
245140443,0.43746428571428575,0
245147024,0.43749999999999994,0
244997072,0.4375833333333333,0
245091455,0.4376190476190476,0
235475168,0.43779761904761894,0
242806835,0.4378095238095239,0
245152666,0.4378333333333333,0
245136296,0.4378690476190476,0
245187810,0.43791666666666673,0
245026002,0.43792857142857144,0
245196443,0.4379999999999999,0
245135166,0.43803571428571425,0
245097642,0.43804761904761913,0
245216795,0.4380833333333333,0
242977376,0.4380833333333334,0
245206276,0.4381666666666667,0
240204764,0.4381666666666667,0
245037735,0.4381666666666667,0
244977850,0.4382261904761904,0
245156089,0.43825,0
243173021,0.43825,0
244662308,0.43858333333333327,0
245181278,0.43869047619047613,0
233953832,0.43891666666666657,0
245039419,0.4389642857142857,0
245179910,0.439,0
245248463,0.4391309523809524,0
245116708,0.43916666666666665,0
245086271,0.43949999999999995,0
242196579,0.4395,0
245064506,0.4395119047619047,0
245256078,0.4396666666666666,0
239610576,0.4396666666666666,0
245067450,0.43975000000000003,0
245259279,0.439797619047619,0
245205838,0.4400833333333333,0
245151287,0.4401388888888888,0
245073284,0.4401666666666667,0
245146571,0.44021428571428567,0
245169047,0.4404166666666668,0
245140756,0.440511904761905,0
245051329,0.44054761904761897,0
244981925,0.44059523809523815,0
245075803,0.4406369047619048,0
245151381,0.44083333333333335,0
244964867,0.4409523809523809,0
245136184,0.44099999999999995,0
245115075,0.44099999999999995,0
245036746,0.44099999999999995,0
245175413,0.44125,0
245014942,0.44133333333333324,0
245017841,0.44141071428571427,0
242108587,0.44153571428571425,0
245150279,0.4418095238095237,0
245098177,0.4418333333333333,0
245185675,0.4419166666666666,0
245065393,0.4422857142857143,0
238233850,0.4423333333333334,0
245192771,0.44233333333333347,0
241584254,0.44245833333333345,0
245090795,0.4425,0
244991167,0.4425773809523809,0
245252211,0.4427499999999999,0
245118395,0.4428333333333335,0
244979226,0.44290476190476186,0
245074281,0.44291666666666674,0
245075090,0.4429999999999999,0
245179347,0.44299999999999995,0
245060640,0.44305952380952385,0
245196374,0.4431309523809523,0
245005985,0.4433333333333333,0
244950003,0.4434166666666667,0
244954480,0.44342857142857134,0
245051032,0.44366666666666665,0
245055627,0.44375,0
245120551,0.44381547619047623,0
242971856,0.4439583333333333,0
245087423,0.44405952380952385,0
245064784,0.44425,0
245098206,0.44448076923076923,0
245206861,0.44458333333333333,0
245195133,0.44458333333333344,0
245069762,0.44466666666666654,0
245275151,0.44476190476190475,0
244936722,0.44488095238095243,0
245035662,0.4449107142857143,0
245086374,0.445,0
245226281,0.44508333333333333,0
244988033,0.4450833333333334,0
245065895,0.4450833333333334,0
243411946,0.4451150793650794,0
245161169,0.44522619047619044,0
245151183,0.44528571428571445,0
245031467,0.4453095238095239,0
245101670,0.44537301587301575,0
245252609,0.44541666666666674,0
245041630,0.44549404761904776,0
245153046,0.44551190476190483,0
245101605,0.44552976190476185,0
245050180,0.4455833333333333,0
245059742,0.4456428571428571,0
245147827,0.44570833333333326,0
245230833,0.44574999999999987,0
245160740,0.44593452380952386,0
245013840,0.44599999999999995,0
244588530,0.44600000000000006,0
245224846,0.4460714285714286,0
245010527,0.44608333333333333,0
245199183,0.4462499999999999,0
245174597,0.4462857142857143,0
245001600,0.4462976190476191,0
245063389,0.44633333333333325,0
245211902,0.4464166666666665,0
243179072,0.4465714285714287,0
245123604,0.44666666666666677,0
245129318,0.44683333333333336,0
245150052,0.4471230158730159,0
245224560,0.4471666666666666,0
245070234,0.44741666666666674,0
245152671,0.44758333333333333,0
244978580,0.44758333333333333,0
245150314,0.44758333333333344,0
238101308,0.44775,0
245069561,0.44783333333333347,0
245138725,0.4479166666666666,0
245152712,0.44816666666666655,0
244941091,0.4481666666666667,0
120075759,0.4482023809523808,0
245150432,0.4482142857142857,0
245114180,0.44827380952380946,0
245060592,0.44853571428571426,0
240362379,0.4487499999999999,0
245220402,0.4488333333333333,0
245213509,0.4489642857142857,0
245196193,0.44911904761904764,0
236045848,0.4491309523809523,0
245170974,0.449154761904762,0
230510806,0.4491666666666667,0
243052588,0.4492857142857143,0
245085657,0.4494166666666667,0
245090400,0.4495,0
245075574,0.44951190476190483,0
245122170,0.44952380952380955,0
245160871,0.44958333333333333,0
231733959,0.4497440476190475,0
245225261,0.44983333333333325,0
241596047,0.44990476190476186,0
231577651,0.45000000000000007,0
232439390,0.4500833333333334,0
245043801,0.45021428571428557,0
245125108,0.45032142857142854,0
245091347,0.45039285714285726,0
245267706,0.4506190476190477,0
245073230,0.4508333333333333,0
245043553,0.45090476190476186,0
124985082,0.45108333333333334,0
245112571,0.4511507936507936,0
245106722,0.45116666666666666,0
245123538,0.45116666666666666,0
245191255,0.4511904761904762,0
245064642,0.45179166666666665,0
245093550,0.4521309523809524,0
245061014,0.45225000000000004,0
235890812,0.4526666666666668,0
245127731,0.45290476190476187,0
245030186,0.45291666666666663,0
245225600,0.45305952380952386,0
245147943,0.4530833333333333,0
245016283,0.45325000000000004,0
245141189,0.45333333333333337,0
245175605,0.4535297619047619,0
245112955,0.4536785714285714,0
245122791,0.4538472222222222,0
245133847,0.45395833333333335,0
245023117,0.45395833333333335,0
245130587,0.45416666666666666,0
245171692,0.45416666666666666,0
245096579,0.4541666666666667,0
245118273,0.454345238095238,0
245152675,0.4545357142857142,0
245113474,0.4545357142857144,0
245036088,0.454654761904762,0
245080519,0.4547103174603175,0
245196496,0.45483333333333337,0
245093075,0.45483333333333337,0
245152883,0.4548333333333334,0
245219596,0.45501190476190473,0
245012655,0.45503571428571443,0
245206667,0.4551666666666667,0
242594670,0.4553333333333333,0
244985780,0.45547222222222233,0
245196796,0.45549999999999996,0
133910211,0.4555,0
245205891,0.45551190476190484,0
244988205,0.4555357142857144,0
244950168,0.4555833333333333,0
245022833,0.4555833333333334,0
244984721,0.4558333333333334,0
244945589,0.4559999999999998,0
245096767,0.45600000000000007,0
245241743,0.45608333333333334,0
245117471,0.45608333333333334,0
245205747,0.45608333333333334,0
245118383,0.4561666666666666,0
244965314,0.4564999999999999,0
245127936,0.4567857142857143,0
245226499,0.45691666666666664,0
245085652,0.45691666666666675,0
230985504,0.4569642857142858,0
245079994,0.45723809523809517,0
245102091,0.45725,0
244410361,0.4574166666666665,0
245127156,0.4576666666666667,0
245042256,0.4579166666666667,0
245151623,0.4581666666666665,0
245070671,0.4581666666666667,0
245150844,0.4581666666666668,0
245202774,0.45833333333333337,0
245081195,0.45833333333333337,0
245040488,0.45838095238095233,0
245216887,0.45841666666666675,0
245081153,0.4589166666666666,0
244944520,0.45891666666666675,0
245002813,0.4590833333333334,0
245109472,0.45929761904761895,0
245041436,0.45933333333333337,0
245154295,0.4594583333333333,0
245222868,0.4595833333333331,0
245044399,0.4598095238095239,0
245145502,0.4599166666666666,0
244965338,0.4599166666666668,0
245056384,0.45995238095238106,0
245085381,0.4599999999999999,0
245135352,0.4600833333333334,0
244961466,0.46016666666666667,0
245139317,0.4601904761904763,0
235384583,0.4603214285714285,0
245147704,0.4603928571428571,0
245035555,0.4605833333333333,0
244959554,0.4606071428571428,0
241335589,0.46078571428571413,0
245113460,0.461,0
240843434,0.46100000000000013,0
245205853,0.4611785714285714,0
245171693,0.4612202380952381,0
245180277,0.46129761904761907,0
245078999,0.46141666666666664,0
245065637,0.46149999999999997,0
245066309,0.46166666666666656,0
245178624,0.46166666666666667,0
244973608,0.4617499999999999,0
245046720,0.46191666666666664,0
245084897,0.4619166666666667,0
245092118,0.4620833333333333,0
245127138,0.46220238095238086,0
245140781,0.4622857142857143,0
245144067,0.4623690476190476,0
245139485,0.46238095238095234,0
245171114,0.4625000000000001,0
245154493,0.46255952380952386,0
245074048,0.4627023809523811,0
245150887,0.4628333333333333,0
245057257,0.4628333333333334,0
245181078,0.4629523809523809,0
245061568,0.46295833333333325,0
234569735,0.46299999999999997,0
237637272,0.4630357142857144,0
245155926,0.4631666666666666,0
241986635,0.46325000000000005,0
244964786,0.46335714285714297,0
245133657,0.4633749999999999,0
124682173,0.4635833333333332,0
245242755,0.463654761904762,0
245155093,0.4637619047619047,0
244989776,0.46383333333333326,0
244971834,0.4638611111111111,0
245041517,0.46391071428571434,0
245168959,0.46395833333333336,0
229966157,0.46399999999999997,0
231025818,0.46409523809523806,0
245142043,0.46425000000000005,0
245090520,0.46425793650793656,0
245041899,0.4645833333333333,0
122813298,0.46458333333333335,0
245075734,0.4645833333333334,0
230276302,0.4647738095238094,0
245206687,0.4648095238095239,0
245095956,0.4650238095238095,0
245133853,0.465047619047619,0
242882075,0.4652261904761903,0
245133544,0.46525,0
245152705,0.46525,0
245085940,0.46525000000000005,0
244964512,0.4656309523809523,0
245085490,0.4656428571428572,0
245026053,0.4656666666666667,0
245102047,0.46575000000000005,0
245144422,0.46583333333333343,0
244935669,0.4660833333333333,0
245065075,0.4661666666666666,0
121953360,0.4661785714285714,0
245030673,0.46649999999999997,0
245242184,0.4668333333333334,0
245060086,0.46691666666666665,0
245171531,0.46692857142857136,0
245224795,0.46699999999999997,0
121638744,0.4671190476190476,0
245021824,0.4672023809523809,0
245155312,0.4672142857142857,0
245154282,0.4673571428571428,0
245017414,0.467375,0
245121494,0.4674642857142857,0
232487774,0.4678333333333334,0
245043563,0.4679166666666666,0
232817673,0.46825000000000006,0
245170549,0.46833333333333327,0
240788520,0.4684444444444445,0
245036779,0.4685,0
244998858,0.4685119047619049,0
241891531,0.4686111111111113,0
241829949,0.46864285714285714,0
245070813,0.4687857142857142,0
244533694,0.4688333333333333,0
245074136,0.4688333333333334,0
245015148,0.469,0
245226141,0.4692499999999999,0
245252212,0.4693333333333335,0
244957163,0.4695,0
244952052,0.46958333333333324,0
242758897,0.4695833333333334,0
245159960,0.4696666666666667,0
245205015,0.46974999999999995,0
245096727,0.4699999999999999,0
245229080,0.47008333333333335,0
245187329,0.4701250000000001,0
245124580,0.4705,0
245177193,0.47058333333333335,0
245207096,0.47064285714285714,0
245181738,0.47075,0
125594054,0.4709523809523808,0
245102007,0.47095833333333326,0
245179923,0.47111111111111115,0
245142238,0.47124999999999995,0
245084724,0.47125,0
245100424,0.47138095238095223,0
245167001,0.4714166666666667,0
238720469,0.47150000000000003,0
245166647,0.4715833333333334,0
244953027,0.47166666666666673,0
245114465,0.4717738095238096,0
245120470,0.4718333333333333,0
245197287,0.4718333333333333,0
245190675,0.47195238095238096,0
245113639,0.4720833333333332,0
245185209,0.4722499999999999,0
244940132,0.4725833333333332,0
245212311,0.4725833333333334,0
237890259,0.472595238095238,0
245107110,0.4728333333333334,0
245142107,0.4730000000000001,0
245184490,0.47308333333333347,0
245117359,0.4733333333333332,0
245178745,0.4733333333333333,0
245140745,0.47341666666666654,0
244953979,0.4734999999999999,0
245120341,0.47374999999999995,0
245141007,0.47379166666666656,0
245201215,0.4738333333333334,0
244948305,0.4739166666666668,0
245166242,0.474,0
244947722,0.4740833333333333,0
244964597,0.47408333333333347,0
245052007,0.47450000000000003,0
245037789,0.47458333333333336,0
245144562,0.47461904761904755,0
130673714,0.47466666666666674,0
245201829,0.47467857142857156,0
245119568,0.47475,0
244984840,0.47483333333333344,0
245242085,0.475,0
245069812,0.4750833333333334,0
245150214,0.4751309523809524,0
245102058,0.4751666666666667,0
245060970,0.47541666666666665,0
245091243,0.47541666666666665,0
244967460,0.47541666666666665,0
245052320,0.4754761904761905,0
245043116,0.4754940476190477,0
245171396,0.4756666666666667,0
245145274,0.47583333333333333,0
244149863,0.47584523809523804,0
245080246,0.475857142857143,0
245236012,0.4759166666666666,0
244961199,0.47600000000000003,0
245051308,0.4760833333333334,0
245116613,0.47608333333333347,0
244962788,0.47636904761904764,0
245113645,0.47650000000000003,0
240572063,0.47653571428571434,0
239031344,0.4765833333333333,0
245003204,0.4765833333333333,0
226381273,0.4766309523809523,0
245102374,0.4766666666666666,0
245248001,0.4767916666666667,0
125857499,0.4768214285714286,0
245205872,0.4768333333333333,0
125736637,0.4770000000000001,0
245022065,0.4770178571428572,0
244968095,0.47708333333333336,0
245152377,0.47708333333333336,0
245011479,0.47708333333333336,0
121280206,0.4770833333333334,0
126186263,0.4771249999999999,0
245042580,0.4774166666666666,0
245186678,0.4774999999999999,0
245033187,0.4775833333333333,0
122181336,0.477642857142857,0
244961057,0.47774999999999984,0
245147039,0.478,0
245144110,0.4780833333333333,0
125133995,0.4780833333333334,0
245198315,0.4781190476190475,0
245198486,0.47813095238095243,0
245114580,0.47816666666666663,0
245134681,0.4781666666666667,0
245140224,0.47820833333333324,0
245170080,0.47828571428571437,0
244933794,0.47850000000000004,0
245154622,0.4786666666666666,0
245107744,0.47875000000000023,0
245161977,0.4788333333333333,0
245097156,0.4788333333333333,0
245061530,0.479,0
245074816,0.47903571428571434,0
245037991,0.47904761904761917,0
245160246,0.4790833333333333,0
245151303,0.4790833333333333,0
245205790,0.47916666666666663,0
245109906,0.47916666666666674,0
241817275,0.479238095238095,0
245146406,0.47925000000000006,0
245017985,0.4793333333333332,0
244963164,0.4793333333333332,0
245160959,0.4793452380952381,0
245099000,0.47947222222222224,0
245090471,0.4794761904761905,0
245145042,0.4795,0
242288245,0.47980952380952374,0
245173085,0.4798333333333333,0
245108955,0.47991666666666677,0
235501020,0.4799999999999999,0
245251418,0.4800833333333334,0
245084444,0.48016666666666674,0
245203249,0.4802499999999999,0
234625315,0.48025000000000007,0
245150901,0.4802916666666667,0
245166592,0.48041666666666666,0
245107641,0.4805714285714285,0
242526305,0.48066666666666663,0
244931198,0.4807261904761906,0
245180819,0.4807499999999998,0
245229179,0.48108333333333325,0
245007355,0.48121428571428576,0
245141340,0.4814166666666666,0
245094068,0.48150000000000004,0
245122310,0.48161904761904756,0
245219223,0.4816785714285715,0
245087239,0.48175000000000007,0
245162263,0.4818809523809523,0
244963803,0.48191666666666677,0
245185674,0.4820833333333333,0
245147147,0.48208333333333336,0
245116833,0.4821309523809525,0
245032943,0.48224999999999985,0
245082032,0.48228571428571443,0
239426977,0.48232142857142857,0
242521272,0.4826428571428572,0
245096861,0.48275,0
245056028,0.4828333333333334,0
245061861,0.48316666666666663,0
245150741,0.48320238095238094,0
245095913,0.48320238095238094,0
235264448,0.48333333333333334,0
241427297,0.48354761904761906,0
245023516,0.4835714285714286,0
245121971,0.48358333333333337,0
245146410,0.48361904761904767,0
245030127,0.4836666666666667,0
245106871,0.48375000000000007,0
240261278,0.48390476190476184,0
245155678,0.48391666666666666,0
245013968,0.48413095238095244,0
245205997,0.4842619047619047,0
241918818,0.48430952380952386,0
245125157,0.4843333333333333,0
245061753,0.4843333333333334,0
244986043,0.48434523809523805,0
245268078,0.48445238095238097,0
245195860,0.48449999999999993,0
245071246,0.48458333333333337,0
242180092,0.4849047619047618,0
245207664,0.48491666666666666,0
245109844,0.48498809523809533,0
245199141,0.48499999999999993,0
245248495,0.48504166666666654,0
245185113,0.48517857142857146,0
245074781,0.48522619047619053,0
245152617,0.4853095238095237,0
245113575,0.4855,0
245135338,0.48566666666666664,0
244987651,0.48566666666666675,0
245262908,0.4857380952380953,0
245086319,0.48575,0
245160514,0.4859166666666666,0
244963250,0.48591666666666666,0
245170710,0.4860515873015874,0
245079098,0.4860952380952382,0
245241474,0.48645833333333327,0
244993302,0.4864880952380951,0
245074682,0.48665476190476176,0
245122312,0.4868690476190476,0
245171499,0.4868690476190477,0
245056755,0.4870833333333333,0
245108449,0.48710714285714274,0
233263815,0.48712500000000003,0
245118814,0.48728571428571427,0
245012439,0.48742261904761897,0
245086472,0.4876190476190476,0
245073705,0.4876666666666665,0
245136733,0.48770238095238094,0
244985227,0.48791666666666667,0
245221512,0.48791666666666667,0
245187809,0.4879166666666668,0
245021394,0.48795238095238086,0
245091951,0.4879642857142857,0
245109100,0.48807738095238085,0
245165249,0.4881190476190476,0
245181440,0.4882500000000001,0
226725426,0.4882539682539682,0
245092246,0.4885595238095239,0
245021850,0.48860714285714296,0
245072831,0.48863888888888896,0
245216485,0.4886666666666667,0
245100202,0.48872619047619054,0
239439734,0.48883333333333334,0
245207344,0.4889404761904762,0
245174356,0.4889761904761905,0
245236878,0.48898809523809517,0
245145842,0.48911904761904756,0
245161039,0.48925,0
245040501,0.4892976190476192,0
245048041,0.48933333333333323,0
245067227,0.48936904761904765,0
245112420,0.4894166666666666,0
245100816,0.4894166666666668,0
244894953,0.4895833333333334,0
245190910,0.48960714285714296,0
245096597,0.48975,0
242790065,0.4898333333333333,0
129161617,0.48984523809523806,0
245235497,0.4898928571428571,0
123852080,0.4899166666666666,0
245169738,0.4899166666666669,0
245123537,0.48994047619047626,0
244629031,0.49,0
245130237,0.4900238095238094,0
244994659,0.49016666666666675,0
122883674,0.49020238095238106,0
245087317,0.4902499999999999,0
244987714,0.4902500000000001,0
245136104,0.49027380952380945,0
245167141,0.49030555555555566,0
245192684,0.49041666666666667,0
245220239,0.4904583333333333,0
245119223,0.4904583333333333,0
245127990,0.49045833333333333,0
245118097,0.49066666666666664,0
245274271,0.49070833333333347,0
231595625,0.49083333333333334,0
245082308,0.490875,0
245185343,0.491,0
245127307,0.4911666666666666,0
245202890,0.49124999999999985,0
245152473,0.4912857142857144,0
245001973,0.4914166666666666,0
245057464,0.4915238095238095,0
245176018,0.49153571428571424,0
245194451,0.4916666666666667,0
244989845,0.49174999999999996,0
245120940,0.49175,0
245274105,0.49177380952380945,0
245037672,0.4919642857142857,0
245192712,0.49199999999999994,0
244985764,0.49200000000000005,0
245144430,0.49208333333333326,0
245122658,0.49220238095238095,0
245107550,0.4925,0
245169787,0.4925,0
245172178,0.49279761904761904,1
245082142,0.4928511904761905,1
245013875,0.4929166666666667,1
245085350,0.493,1
243030975,0.4930833333333332,1
244960543,0.4930833333333334,1
129236840,0.4931666666666667,1
245278411,0.4933333333333331,1
244986095,0.493452380952381,1
245124778,0.49366666666666675,1
245090473,0.49375,1
245230699,0.49376190476190474,1
244955263,0.49379166666666663,1
245079388,0.49380952380952386,1
245116930,0.49399999999999994,1
244967034,0.49408333333333315,1
245140727,0.494095238095238,1
244977803,0.494154761904762,1
245060055,0.4941785714285715,1
245027842,0.4942499999999999,1
244984990,0.49433333333333324,1
245156413,0.4944999999999999,1
244989200,0.49449999999999994,1
232320128,0.4945833333333334,1
245111704,0.4945833333333334,1
245074268,0.4945952380952381,1
245106815,0.4947500000000001,1
244937351,0.49483333333333335,1
245022456,0.4950595238095238,1
245031549,0.4951547619047619,1
245035416,0.49522619047619054,1
244989604,0.49524999999999997,1
245063581,0.4953333333333333,1
245107217,0.49570238095238084,1
245086023,0.49583333333333335,1
245140681,0.4958333333333334,1
245202932,0.49592857142857144,1
245100492,0.49597619047619057,1
238470359,0.49604166666666655,1
245170811,0.49608333333333327,1
245146183,0.49641666666666656,1
245134696,0.49649999999999994,1
244961124,0.4965,1
245043777,0.49666666666666665,1
245250765,0.4969444444444445,1
245206670,0.49700000000000016,1
245095602,0.4970079365079365,1
245226474,0.4971309523809523,1
124901647,0.49716666666666676,1
245256148,0.49725,1
233207928,0.4972976190476191,1
245002399,0.49741666666666673,1
245160608,0.4974285714285715,1
234596175,0.4974523809523809,1
245195504,0.49749999999999994,1
244984511,0.49761904761904757,1
245103618,0.4977500000000001,1
245156232,0.49784523809523795,1
241798168,0.4980833333333333,1
245219469,0.49858333333333327,1
245216367,0.4985833333333333,1
245205740,0.4986190476190475,1
242701989,0.498702380952381,1
245227768,0.4987500000000001,1
245141794,0.4988333333333332,1
245202936,0.49904761904761896,1
245165251,0.4991428571428571,1
245112728,0.49925,1
245187838,0.49925,1
245202457,0.49925,1
245135781,0.49933333333333335,1
245155947,0.4994166666666666,1
126007443,0.4994166666666667,1
245151114,0.49958333333333327,1
245195035,0.4995833333333334,1
245180439,0.49969047619047624,1
245124821,0.49974999999999986,1
245123100,0.4998055555555556,1
241960045,0.49992261904761903,1
245033005,0.4999523809523809,1
245171185,0.5000833333333332,1
245254661,0.5000833333333333,1
245105553,0.5004523809523811,1
245095895,0.500470238095238,1
244964754,0.5005714285714284,1
245092130,0.5006666666666666,1
245090631,0.5008333333333332,1
245028247,0.5008630952380954,1
245152065,0.5010059523809524,1
235093889,0.5010833333333333,1
245113526,0.50125,1
245075009,0.5014166666666665,1
245074400,0.5014166666666666,1
244964284,0.5014345238095238,1
244957600,0.5015,1
245160769,0.5015833333333333,1
244987909,0.5016785714285715,1
245222270,0.5020833333333334,1
245144949,0.5022499999999999,1
244738945,0.5022619047619048,1
245060551,0.5022857142857142,1
239598404,0.5024166666666666,1
245120372,0.5025000000000001,1
245096151,0.5025833333333334,1
245097030,0.5027499999999998,1
245208325,0.5030357142857143,1
245106669,0.5030357142857144,1
245160450,0.5030833333333334,1
245145500,0.50325,1
245078767,0.5034999999999998,1
245112206,0.5035,1
245202067,0.5036666666666666,1
245101449,0.5038333333333334,1
245044396,0.5039761904761906,1
234317947,0.504,1
245221012,0.5040277777777777,1
245090277,0.5040357142857144,1
245123687,0.5040476190476191,1
245119013,0.5041666666666667,1
245002975,0.5041666666666668,1
244163154,0.5043333333333333,1
245175066,0.5043333333333334,1
245252260,0.5045000000000001,1
122810275,0.5045119047619048,1
245265336,0.5046547619047619,1
230765516,0.5047499999999999,1
245117013,0.5048809523809523,1
244940102,0.5048809523809524,1
245130788,0.505,1
245150348,0.5050833333333333,1
245213755,0.505095238095238,1
245098358,0.5052261904761906,1
245196446,0.5052499999999999,1
245033331,0.5053333333333334,1
245038005,0.5055,1
244973425,0.5055833333333334,1
245057242,0.5056190476190477,1
245171422,0.5056666666666665,1
245101153,0.5056785714285714,1
241462525,0.505797619047619,1
244998736,0.5060833333333332,1
245175597,0.5060833333333334,1
245107770,0.5061785714285715,1
245119710,0.50625,1
245133624,0.5064166666666666,1
245269761,0.5065,1
245164574,0.5065357142857144,1
244967670,0.5065833333333333,1
245259886,0.507,1
245095918,0.5070714285714285,1
245151636,0.5070753968253968,1
245032229,0.5070833333333333,1
244966244,0.5071190476190476,1
245187519,0.5073333333333333,1
245202601,0.5073809523809524,1
245117360,0.507452380952381,1
245047745,0.5076666666666666,1
244995123,0.5077500000000001,1
245152512,0.507797619047619,1
245112739,0.5078333333333332,1
244980762,0.5078333333333334,1
245129996,0.5079166666666665,1
245212307,0.5080714285714286,1
245208539,0.5081309523809523,1
245096683,0.5083095238095239,1
245220226,0.5083452380952381,1
245216653,0.5086666666666667,1
244945087,0.5088055555555555,1
244964781,0.5088333333333332,1
245161482,0.5088333333333334,1
245113588,0.5088571428571428,1
245147681,0.5089761904761905,1
245134095,0.5089880952380952,1
245144693,0.5089999999999999,1
245098542,0.5090833333333333,1
245206971,0.509297619047619,1
245255547,0.5094166666666666,1
245101926,0.5095714285714287,1
245051489,0.50975,1
245205124,0.5097916666666666,1
245179913,0.5099166666666668,1
244967234,0.5099880952380953,1
245146648,0.5100833333333331,1
245081002,0.5101190476190477,1
245194874,0.5101666666666665,1
245081525,0.5102857142857142,1
245011008,0.5103333333333333,1
245177289,0.5104166666666665,1
245129619,0.5104166666666666,1
245235202,0.5104166666666667,1
232300072,0.5104166666666667,1
245195558,0.5105000000000001,1
243359684,0.5105119047619048,1
221400030,0.5105357142857143,1
122558527,0.5105833333333334,1
244977383,0.5106785714285713,1
242261172,0.5107023809523811,1
245265140,0.5107142857142858,1
245092129,0.5108333333333333,1
245230656,0.5108333333333334,1
245243020,0.5109166666666667,1
245065788,0.5112500000000001,1
245252182,0.5112500000000001,1
245113956,0.5112797619047619,1
245117218,0.5113214285714285,1
244945818,0.5113333333333333,1
245002512,0.5115,1
245134472,0.5115,1
245152535,0.5115178571428572,1
244964621,0.5116309523809525,1
244797505,0.5117499999999999,1
245007964,0.5118690476190477,1
245051900,0.512,1
122369165,0.5121666666666665,1
245146740,0.5121666666666667,1
245145232,0.5121666666666667,1
245122625,0.5122619047619048,1
245171549,0.5122738095238094,1
244999025,0.5123214285714286,1
245185561,0.5123333333333333,1
245064424,0.5125000000000001,1
245180098,0.5129166666666666,1
123076985,0.5129166666666666,1
245114847,0.5129166666666668,1
245055023,0.5130396825396827,1
245222781,0.5132142857142855,1
245224739,0.5134761904761903,1
244848623,0.5134761904761904,1
245085604,0.5135833333333334,1
245035199,0.5136666666666668,1
245089077,0.5137499999999998,1
245087156,0.5138928571428572,1
245124865,0.5140000000000001,1
244762809,0.514013888888889,1
245184952,0.5140833333333332,1
245128723,0.5140833333333332,1
245256472,0.5142380952380952,1
245246377,0.51425,1
245100136,0.5143333333333333,1
245123335,0.5143333333333334,1
244988818,0.514361111111111,1
245176449,0.5144166666666667,1
245080503,0.5144642857142857,1
245264854,0.5148333333333334,1
245136772,0.5148452380952382,1
245081608,0.5148690476190474,1
245119636,0.5149166666666667,1
245040558,0.5152023809523808,1
245102496,0.5152499999999999,1
245140829,0.5153214285714286,1
245083894,0.5153333333333332,1
245118260,0.5155,1
245087527,0.5155833333333333,1
245160706,0.5155833333333334,1
245135377,0.5156666666666667,1
245141266,0.5157499999999999,1
245146910,0.5157619047619049,1
245037321,0.5157916666666666,1
245229722,0.5157976190476192,1
245118684,0.5158035714285714,1
245085027,0.5160714285714286,1
245252532,0.516125,1
245120392,0.5161666666666669,1
239601948,0.5162500000000001,1
238279727,0.5163333333333333,1
245009137,0.5164166666666667,1
245240363,0.5165773809523809,1
245037526,0.5166666666666666,1
245079332,0.5168571428571428,1
245046356,0.5171428571428571,1
245037442,0.5171785714285714,1
232621120,0.5175714285714286,1
244256659,0.5175833333333333,1
245113092,0.5177619047619048,1
245033641,0.5178333333333334,1
245208479,0.5178333333333335,1
245084165,0.5182499999999999,1
245010579,0.51825,1
245254444,0.518452380952381,1
244937136,0.5184702380952381,1
245093341,0.5185,1
245066035,0.5185416666666667,1
245070991,0.5185833333333333,1
244954494,0.5185833333333334,1
245118252,0.5188333333333334,1
231047809,0.5188690476190476,1
245062199,0.5188690476190476,1
245057402,0.518904761904762,1
244956854,0.5189166666666667,1
245256600,0.5189999999999999,1
245217086,0.51925,1
245027772,0.51925,1
245119174,0.5192500000000001,1
244964459,0.5193690476190476,1
244418625,0.5195238095238096,1
245010243,0.5195555555555557,1
245167432,0.5195833333333333,1
245207165,0.5195833333333334,1
245129179,0.5196666666666667,1
241995384,0.5198333333333334,1
125237367,0.5199285714285715,1
244968611,0.520375,1
244998661,0.5204166666666667,1
245129377,0.5204166666666667,1
245127268,0.5205000000000001,1
245174649,0.5205238095238096,1
245156612,0.5205833333333334,1
242906329,0.5207857142857142,1
245133607,0.5210119047619047,1
244231855,0.5211071428571428,1
245118006,0.5211666666666668,1
245031795,0.5212083333333333,1
245070748,0.5212261904761906,1
245008120,0.5213511904761905,1
245067471,0.5213928571428571,1
245186409,0.5214166666666668,1
245113922,0.5214285714285715,1
245219383,0.5215833333333332,1
245141551,0.5215833333333335,1
245212492,0.521797619047619,1
245203040,0.5219404761904761,1
245064148,0.52225,1
244942310,0.522345238095238,1
245012886,0.5224166666666666,1
245094164,0.5224166666666666,1
245207393,0.5224166666666669,1
245202667,0.5225476190476191,1
121734656,0.5225833333333333,1
242129605,0.5226666666666666,1
245194566,0.5227083333333333,1
244961453,0.5227499999999999,1
245152191,0.5227499999999999,1
245012501,0.52275,1
245206968,0.5229642857142857,1
245066239,0.5229999999999999,1
245254782,0.5230476190476191,1
245085101,0.5230952380952381,1
245165790,0.52325,1
245055346,0.5233333333333333,1
245170713,0.5233452380952381,1
245141516,0.5233452380952381,1
245255189,0.52375,1
245179804,0.5237738095238096,1
245103651,0.5238333333333334,1
245181576,0.5238333333333335,1
245093276,0.5239166666666667,1
245101417,0.5240238095238093,1
241774483,0.5240595238095236,1
245255599,0.5240833333333331,1
126237468,0.5243333333333334,1
245119463,0.5244166666666666,1
123184668,0.524452380952381,1
245074029,0.5244999999999999,1
245240017,0.5249642857142858,1
245180077,0.525,1
245127689,0.5250277777777778,1
245041649,0.5251666666666667,1
245196208,0.5251666666666668,1
244987431,0.5252261904761907,1
244979023,0.5252500000000001,1
241590422,0.5254047619047618,1
244954193,0.5254166666666666,1
245074901,0.5254166666666668,1
236796233,0.5254880952380951,1
245070807,0.5255000000000001,1
245107606,0.5255238095238095,1
245021228,0.5256428571428571,1
235944592,0.5256666666666666,1
245100801,0.5259999999999999,1
228411684,0.5260357142857142,1
245152331,0.5262083333333334,1
242123170,0.5265000000000001,1
245122905,0.5265000000000001,1
244930667,0.5265714285714286,1
245060428,0.5267142857142857,1
245246381,0.526797619047619,1
245113454,0.5270833333333332,1
245041314,0.5270833333333335,1
245086075,0.5270952380952381,1
245211665,0.5271666666666666,1
245180139,0.5271666666666668,1
238475118,0.5273095238095238,1
228615774,0.5274047619047618,1
244950844,0.5274166666666666,1
245270023,0.5274166666666666,1
245108003,0.5274642857142856,1
245080520,0.5275833333333333,1
234622756,0.527654761904762,1
245052495,0.5276666666666665,1
245067180,0.52775,1
245060577,0.5279166666666666,1
245117275,0.528,1
235137680,0.52825,1
245048395,0.52825,1
245212741,0.5284166666666666,1
245252169,0.5285000000000001,1
245036780,0.5285238095238096,1
245166767,0.5285833333333333,1
245202022,0.5287499999999999,1
245155432,0.5288333333333333,1
245162029,0.529,1
245216837,0.5293333333333334,1
245206522,0.5294166666666666,1
245063868,0.5294166666666668,1
245165734,0.5296666666666665,1
245206550,0.5297857142857142,1
245091525,0.53,1
245098090,0.5300833333333332,1
245126833,0.5300833333333334,1
245216758,0.5301666666666667,1
245190294,0.5303333333333332,1
245061426,0.5304583333333333,1
244930818,0.5304722222222222,1
245169754,0.5305416666666667,1
245114491,0.5307499999999999,1
233098238,0.5308333333333333,1
244956347,0.5308333333333333,1
245202905,0.5308333333333333,1
245109457,0.5310357142857144,1
245162135,0.5310555555555556,1
245178893,0.5313333333333332,1
245062316,0.5315,1
245187557,0.5315000000000001,1
128056006,0.5316071428571427,1
245255482,0.5316666666666665,1
245181839,0.5318333333333334,1
245064301,0.5319166666666667,1
245050623,0.5319999999999998,1
245179623,0.5320833333333334,1
245065609,0.5321666666666668,1
245139162,0.5322500000000001,1
245094053,0.5325,1
245005546,0.5325833333333333,1
245118423,0.5326488095238094,1
245081120,0.5326666666666666,1
245100656,0.5326666666666667,1
244958839,0.53275,1
245144803,0.5329999999999999,1
245180993,0.5332023809523808,1
245096593,0.5333333333333333,1
245166152,0.5333333333333333,1
245145699,0.5334166666666665,1
245067710,0.5334166666666668,1
245207750,0.5334166666666669,1
245201090,0.5336666666666666,1
245102932,0.5336666666666667,1
241220162,0.53375,1
245081248,0.5338333333333333,1
244985872,0.5338333333333334,1
245185960,0.5339642857142857,1
245274386,0.534095238095238,1
245091989,0.5342499999999999,1
245252764,0.5343333333333333,1
245155707,0.5343333333333333,1
245140585,0.5343333333333333,1
241840660,0.5344166666666667,1
245116664,0.5344166666666667,1
245063904,0.5344166666666668,1
245098533,0.5345833333333334,1
245124874,0.5349166666666666,1
245146550,0.535,1
245187397,0.535154761904762,1
245075618,0.5352380952380953,1
245159883,0.5353333333333333,1
245211320,0.5354999999999999,1
245000497,0.5356666666666665,1
245119120,0.53575,1
239394100,0.5357500000000001,1
245133666,0.5360476190476191,1
245093012,0.5360833333333335,1
245165370,0.5361785714285714,1
245211118,0.5362916666666667,1
245216971,0.5364166666666667,1
245085340,0.5364999999999999,1
245100351,0.5365000000000001,1
245113613,0.5365833333333332,1
245186480,0.5365833333333334,1
245226779,0.5366666666666667,1
244989646,0.53675,1
245093334,0.53675,1
245248745,0.5367559523809524,1
238465003,0.5368333333333332,1
245181937,0.5370119047619046,1
245140094,0.5370416666666666,1
245135578,0.5370833333333332,1
245205218,0.5371785714285714,1
232228141,0.5372261904761906,1
243026936,0.5373333333333332,1
245202470,0.5373333333333333,1
241658019,0.5374166666666667,1
124007943,0.5375,1
245064689,0.5375714285714286,1
245217078,0.5376666666666666,1
233968011,0.5376785714285713,1
245139897,0.5377857142857141,1
245230977,0.5378690476190477,1
245083899,0.5379999999999999,1
245085229,0.538,1
245073261,0.5381190476190474,1
245046588,0.5381547619047619,1
245196538,0.5382916666666665,1
244967661,0.5383333333333334,1
242301971,0.5384166666666667,1
245165299,0.5385,1
245111803,0.5385833333333333,1
245057597,0.5386547619047619,1
245173002,0.5388452380952382,1
245102412,0.5389166666666667,1
245048477,0.5389166666666667,1
245181475,0.5389642857142856,1
245133532,0.5389999999999999,1
245128153,0.5390357142857143,1
245179298,0.539077380952381,1
245117209,0.5390833333333334,1
245122249,0.5391666666666667,1
245198971,0.5391666666666667,1
245140334,0.5392142857142856,1
245119703,0.5393333333333333,1
245147493,0.5394107142857143,1
244948376,0.5394285714285715,1
245036012,0.539547619047619,1
244985666,0.5395833333333333,1
245244735,0.5396666666666666,1
245048211,0.5397083333333335,1
245150592,0.5398809523809525,1
245146219,0.5399047619047619,1
245107285,0.5400833333333334,1
245146885,0.5404166666666667,1
125203157,0.5404166666666668,1
245246002,0.5405,1
245151275,0.5405000000000001,1
245085976,0.5407500000000001,1
245080312,0.5407500000000001,1
245070148,0.540809523809524,1
244935111,0.5408333333333334,1
245043129,0.5409999999999999,1
245119643,0.5411369047619047,1
245172978,0.5413333333333332,1
245037996,0.5413333333333334,1
245113114,0.5415833333333334,1
245165079,0.5416071428571426,1
245201579,0.5417619047619047,1
245107646,0.5418333333333334,1
244972286,0.5419166666666666,1
245033630,0.5419166666666666,1
245028109,0.5419166666666668,1
245085023,0.542,1
245120912,0.5420833333333333,1
245219245,0.542125,1
245260360,0.5421250000000001,1
245130864,0.5422500000000001,1
245170498,0.5422916666666667,1
245052715,0.5426666666666667,1
231415841,0.5428333333333334,1
245226193,0.5429166666666666,1
245207788,0.5429166666666668,1
245108482,0.5429999999999999,1
245109070,0.5430833333333333,1
245046266,0.5432976190476192,1
245108318,0.5434166666666667,1
245198458,0.5434583333333333,1
245151791,0.5435641025641025,1
245074086,0.5439583333333333,1
245015823,0.5439999999999999,1
245064598,0.5441666666666669,1
244169670,0.5442500000000001,1
245001660,0.5445833333333332,1
245231726,0.5446666666666669,1
245085433,0.5448333333333334,1
244988909,0.5448809523809524,1
244786953,0.5449166666666667,1
245073955,0.5449761904761904,1
245154486,0.5449999999999999,1
245242002,0.545,1
245122304,0.54525,1
245205624,0.5453690476190477,1
244964757,0.5454166666666667,1
245056800,0.5455000000000001,1
245118882,0.5455833333333334,1
245074708,0.5457261904761905,1
245175161,0.5459166666666667,1
245124326,0.5459166666666668,1
242442413,0.546,1
240061250,0.5460833333333334,1
245196918,0.54625,1
244988989,0.5462500000000001,1
245066685,0.5463333333333333,1
245117167,0.546357142857143,1
244991647,0.5464166666666667,1
244977675,0.5467142857142857,1
235440469,0.5470833333333334,1
245033540,0.5474166666666667,1
245085137,0.5474166666666668,1
245185380,0.5475,1
231615474,0.547595238095238,1
245191598,0.547797619047619,1
240101779,0.5478035714285714,1
245030670,0.5484166666666667,1
245090787,0.5485357142857142,1
244909050,0.5485833333333333,1
245156124,0.5488333333333333,1
245175423,0.5489285714285715,1
245090685,0.5489880952380952,1
245108951,0.5490833333333333,1
245111982,0.5490833333333334,1
125388949,0.5490833333333334,1
245175315,0.5490952380952382,1
245055109,0.5491666666666667,1
245059583,0.5492954545454546,1
244944677,0.5493333333333332,1
125354354,0.5493333333333333,1
244954960,0.5494166666666666,1
244973486,0.5495833333333334,1
244981584,0.5499880952380951,1
245038356,0.5500714285714285,1
245231409,0.5500833333333333,1
245108959,0.5506428571428571,1
230044120,0.5506666666666667,1
245207838,0.5507500000000001,1
245192475,0.5508333333333334,1
245207622,0.5509166666666666,1
244957715,0.5513214285714286,1
245103244,0.5513333333333335,1
245093227,0.5514166666666668,1
245229103,0.5518333333333332,1
245151535,0.5519166666666666,1
245171707,0.5519166666666666,1
245022720,0.5519166666666667,1
245145198,0.5519642857142857,1
245146753,0.5519999999999999,1
245176277,0.5520357142857143,1
244953133,0.5520714285714284,1
245129317,0.5522500000000001,1
244931028,0.5523690476190476,1
245016647,0.5525119047619047,1
245109529,0.5525833333333333,1
245187396,0.5527499999999999,1
245089854,0.5527976190476191,1
245156058,0.5529166666666666,1
245125019,0.5529285714285715,1
245156010,0.5529821428571428,1
245023223,0.5532499999999999,1
245190921,0.5535000000000001,1
245086156,0.5535833333333333,1
244514993,0.5536666666666666,1
245114667,0.55375,1
244982626,0.5541190476190476,1
245122419,0.5544166666666667,1
245117338,0.5544166666666667,1
245115341,0.5544999999999998,1
241255734,0.5545,1
245260439,0.5545476190476191,1
245125053,0.5548809523809524,1
245226688,0.5549166666666666,1
245103431,0.5549583333333333,1
245207131,0.5550496031746033,1
245081230,0.555202380952381,1
245154366,0.5553333333333331,1
244956548,0.5554166666666667,1
245085194,0.5554999999999999,1
245118667,0.5555000000000001,1
245186294,0.5556666666666668,1
223891829,0.5558690476190478,1
245134802,0.5559583333333333,1
245073348,0.55625,1
244952880,0.5563333333333332,1
245151354,0.5563333333333332,1
245078434,0.5563333333333333,1
245155695,0.55675,1
245092816,0.5568333333333333,1
236698490,0.5568333333333333,1
245229956,0.5569166666666666,1
245078756,0.55725,1
245045668,0.5573571428571429,1
245150929,0.5574285714285714,1
245016196,0.5576666666666666,1
245122410,0.5576666666666668,1
245167363,0.5581309523809523,1
245248101,0.5583333333333335,1
245185718,0.558452380952381,1
245115218,0.5587619047619049,1
245086741,0.5589999999999999,1
245166324,0.55925,1
245207949,0.5593214285714287,1
245084624,0.5594166666666667,1
245133746,0.559422619047619,1
245112344,0.5595,1
245201938,0.5595833333333333,1
245128985,0.5596666666666666,1
244972216,0.5597083333333334,1
245127759,0.5598630952380951,1
245122164,0.5598809523809524,1
245093196,0.5599999999999999,1
245050367,0.56,1
245091221,0.5600833333333333,1
245123647,0.5600833333333335,1
245219861,0.5601785714285713,1
245073537,0.5602500000000001,1
245181756,0.5604166666666667,1
245212860,0.5604999999999999,1
245136238,0.5605833333333333,1
245176908,0.5605833333333333,1
245129327,0.5607619047619047,1
245087299,0.5607738095238095,1
245043700,0.5608333333333334,1
245219956,0.5609583333333333,1
245124740,0.5610714285714287,1
245141898,0.5611666666666667,1
245060099,0.5613690476190476,1
245180089,0.5616428571428571,1
245166127,0.5616666666666666,1
244991125,0.5618333333333332,1
245170535,0.5619999999999999,1
245096499,0.562,1
245134970,0.5620833333333333,1
245067678,0.5620833333333333,1
245171170,0.5621190476190475,1
245051416,0.5621250000000001,1
244956008,0.5621785714285713,1
245144743,0.5622976190476191,1
245091295,0.5625000000000001,1
244672074,0.5625714285714286,1
240552567,0.5626249999999999,1
245114154,0.5626904761904761,1
229905162,0.5627261904761905,1
245005321,0.56275,1
245085430,0.563,1
245181480,0.5630833333333334,1
244953146,0.5631666666666667,1
245135827,0.5632857142857142,1
245097521,0.5633333333333334,1
245042066,0.5634166666666666,1
245231599,0.5634166666666668,1
245148020,0.5635,1
245000430,0.5635000000000001,1
245062166,0.5635416666666667,1
245180938,0.5635694444444446,1
125652130,0.5636666666666666,1
245089362,0.563797619047619,1
245164664,0.5638333333333333,1
245169673,0.5640476190476191,1
245109402,0.5642678571428571,1
122590365,0.5643333333333332,1
245075354,0.5644523809523809,1
245083457,0.5645238095238095,1
234923118,0.5645416666666666,1
245192569,0.5645833333333334,1
245140943,0.56475,1
245041388,0.5648690476190475,1
245121180,0.56525,1
245170368,0.5654166666666667,1
245120501,0.5654285714285714,1
245196790,0.5655833333333334,1
244930781,0.5656666666666667,1
245241237,0.5658750000000001,1
244956242,0.5659166666666666,1
245147019,0.5660000000000001,1
245076253,0.5664761904761906,1
244973717,0.5666547619047619,1
245066388,0.5667380952380953,1
245107593,0.5667440476190476,1
245100745,0.56675,1
245217109,0.5668333333333334,1
245121005,0.5668333333333334,1
245085559,0.5668690476190474,1
245130635,0.5669166666666666,1
244982432,0.5670357142857143,1
245087708,0.56725,1
245046454,0.5673333333333332,1
245123750,0.5674166666666668,1
245190028,0.5674166666666668,1
236256324,0.5677142857142856,1
245174854,0.567827380952381,1
244968407,0.5678809523809524,1
245037592,0.5679166666666666,1
245247588,0.5679166666666667,1
245152282,0.5681666666666666,1
245084401,0.5682142857142857,1
245159806,0.5684107142857143,1
245177600,0.5685833333333332,1
245197190,0.56875,1
245109315,0.5688333333333333,1
244932780,0.5688333333333333,1
245130042,0.5688333333333334,1
245186728,0.5689166666666666,1
245192848,0.5689642857142857,1
245051138,0.5691666666666666,1
245187705,0.5692083333333332,1
245014647,0.5692499999999999,1
244954035,0.5693333333333332,1
245047166,0.5697083333333333,1
240019554,0.5698333333333333,1
244983010,0.5698392857142857,1
245220483,0.5698571428571428,1
240552346,0.5702380952380952,1
245170988,0.5706666666666668,1
245064449,0.57075,1
244981928,0.570952380952381,1
245123511,0.571,1
125746000,0.571029761904762,1
125092751,0.5710357142857143,1
245064606,0.571047619047619,1
245174838,0.5710833333333333,1
245172585,0.5713214285714284,1
245102196,0.5714166666666667,1
245096689,0.5717500000000001,1
245192112,0.5717738095238094,1
245139710,0.5718333333333334,1
244973376,0.5719166666666667,1
245102812,0.5719285714285713,1
245075073,0.5719722222222221,1
229999012,0.572,1
245116376,0.5722023809523812,1
245087223,0.5722499999999999,1
242188546,0.5724166666666668,1
245161993,0.5724404761904761,1
245144615,0.5726666666666665,1
245037060,0.5726785714285715,1
245100055,0.57275,1
245091541,0.573,1
245046316,0.5733928571428571,1
230177111,0.5736428571428571,1
244998849,0.5738333333333333,1
238849888,0.5738750000000001,1
245033338,0.574,1
245042622,0.5740595238095237,1
244964930,0.5740833333333333,1
245174637,0.5741428571428571,1
245117486,0.5742380952380951,1
245067578,0.5742499999999999,1
245150957,0.5743214285714286,1
245161299,0.5747083333333333,1
245008235,0.5747261904761904,1
245166714,0.5747500000000001,1
245146502,0.5749166666666665,1
242575537,0.5749166666666666,1
245167380,0.5750833333333333,1
245091691,0.5751666666666666,1
245096268,0.5754166666666666,1
245043520,0.5754166666666667,1
245166636,0.5754285714285715,1
245166947,0.5754761904761906,1
245140866,0.57575,1
245140686,0.5759166666666666,1
245173124,0.5760833333333334,1
244945196,0.5761785714285714,1
245141179,0.5762499999999998,1
245080295,0.5762976190476191,1
245112638,0.5763333333333334,1
245006211,0.5764761904761905,1
245127952,0.5765476190476191,1
245074697,0.5766785714285714,1
245155431,0.5770000000000001,1
245120903,0.577125,1
245172910,0.5774583333333334,1
245073783,0.5774940476190477,1
244999226,0.5775357142857144,1
245089141,0.577547619047619,1
245087253,0.5776071428571428,1
245037781,0.5776666666666667,1
230257297,0.5777499999999999,1
245164523,0.57775,1
245068278,0.5778333333333333,1
242791077,0.5779523809523809,1
236428235,0.5783333333333333,1
245211823,0.5783690476190477,1
245116698,0.5787083333333333,1
239173408,0.5789166666666665,1
245118453,0.5789880952380951,1
245060833,0.579,1
245028455,0.5794047619047619,1
245205873,0.5794880952380953,1
244964866,0.579547619047619,1
245155518,0.5795833333333332,1
245241740,0.57975,1
245130013,0.5798333333333333,1
245145984,0.579845238095238,1
245184973,0.5800000000000001,1
244994904,0.580047619047619,1
245044435,0.5801666666666665,1
245101924,0.5803333333333335,1
245180725,0.5806666666666667,1
245166310,0.58075,1
245123847,0.5809642857142857,1
245247256,0.5809999999999998,1
245207849,0.581,1
245185719,0.5810000000000002,1
245234641,0.5811309523809524,1
245159604,0.5813333333333331,1
245105628,0.5813333333333333,1
245246968,0.5814285714285714,1
245061023,0.58175,1
245140220,0.5817500000000002,1
245241848,0.5818690476190477,1
245184928,0.582077380952381,1
245151808,0.5825833333333333,1
244963197,0.5827440476190476,1
244945959,0.5829880952380952,1
245200959,0.5831666666666667,1
245149971,0.5832499999999999,1
245103573,0.5835654761904763,1
244958003,0.5836250000000001,1
245225855,0.584,1
245174423,0.5840833333333335,1
245022765,0.5845833333333332,1
241808166,0.5846666666666667,1
245032067,0.5849166666666668,1
245122787,0.5850833333333333,1
245090762,0.5852499999999999,1
245251641,0.5855,1
245087624,0.58575,1
245178847,0.5860833333333333,1
245127407,0.5864166666666667,1
245160188,0.5864583333333333,1
245067068,0.5866130952380952,1
244961587,0.5870000000000001,1
245097228,0.58725,1
245272968,0.5874999999999999,1
123437967,0.5876547619047618,1
234973763,0.5880238095238096,1
245141549,0.5880833333333334,1
125637261,0.5888809523809525,1
245173189,0.5889166666666666,1
245086279,0.5891666666666666,1
245089635,0.5891904761904762,1
244622038,0.58925,1
245148232,0.5896666666666667,1
244984666,0.5905833333333333,1
245247459,0.5905833333333333,1
245178750,0.5905833333333335,1
245087440,0.5906785714285716,1
245142309,0.5909166666666666,1
245140636,0.591,1
245206144,0.5912499999999999,1
245140604,0.5917777777777777,1
245036486,0.592,1
245171317,0.5920833333333333,1
245146287,0.5920833333333333,1
128532209,0.5921666666666666,1
245061210,0.5923333333333334,1
245212797,0.5924404761904761,1
245192990,0.5924999999999999,1
245160307,0.592702380952381,1
245060567,0.5928333333333332,1
123005167,0.5928333333333333,1
245177051,0.592857142857143,1
244985330,0.5931666666666665,1
245247439,0.5932619047619049,1
245115128,0.5933690476190475,1
245192188,0.5934226190476191,1
245084645,0.5934880952380952,1
245152109,0.5936666666666666,1
244965040,0.5936666666666666,1
238696423,0.59375,1
245155919,0.5938611111111113,1
245086101,0.5939999999999999,1
245002908,0.5940833333333333,1
245212568,0.5942916666666667,1
245060886,0.5944166666666666,1
245140623,0.5944166666666668,1
245108549,0.5947380952380952,1
245174884,0.5947857142857143,1
244969026,0.5952261904761906,1
245186049,0.5955,1
245211362,0.5955595238095238,1
245171726,0.595654761904762,1
245192846,0.59575,1
245179112,0.5960833333333333,1
245059313,0.5961666666666665,1
245100430,0.5964166666666667,1
245138831,0.5964999999999999,1
245034949,0.5970833333333334,1
245145746,0.5971666666666666,1
245202809,0.59725,1
245264514,0.597875,1
245245339,0.5982738095238096,1
245144452,0.5985833333333332,1
245144002,0.5990833333333332,1
245231439,0.5990833333333334,1
245141320,0.5996250000000001,1
245156067,0.5999047619047616,1
245027211,0.6008333333333334,1
245229412,0.6008492063492062,1
245084090,0.6010833333333332,1
245229148,0.6011666666666666,1
245079281,0.6012321428571429,1
241500563,0.6012380952380952,1
245092727,0.6013690476190476,1
245202221,0.6018333333333333,1
245247172,0.6018333333333333,1
125329969,0.6020357142857143,1
245056367,0.6021309523809524,1
245033144,0.6025833333333334,1
245097154,0.6028333333333332,1
244978941,0.6028690476190476,1
245156732,0.6030833333333333,1
245185367,0.6032083333333332,1
245225046,0.6032142857142858,1
245177015,0.6033333333333334,1
245120380,0.6035833333333334,1
245186977,0.6035833333333334,1
245179128,0.6037857142857144,1
245186112,0.6039285714285714,1
245195418,0.6040833333333333,1
128668065,0.6041071428571428,1
125521028,0.6041547619047619,1
245207890,0.6044880952380953,1
245107170,0.6045833333333335,1
245086408,0.6047559523809525,1
245136246,0.6051666666666666,1
245128274,0.6054166666666666,1
245021713,0.6055238095238096,1
245060802,0.6057499999999998,1
245134725,0.6057499999999999,1
245093945,0.605797619047619,1
245135068,0.6059166666666668,1
245052255,0.6059583333333335,1
245186537,0.6060833333333333,1
245023532,0.6064166666666666,1
245061207,0.6064583333333333,1
245106823,0.6065,1
244154418,0.6067976190476191,1
244929932,0.6068333333333334,1
245128464,0.6068452380952382,1
245113597,0.6075714285714285,1
245146365,0.6075833333333333,1
245057316,0.608,1
245219180,0.6084166666666667,1
245213749,0.6087083333333333,1
245112222,0.6089166666666667,1
245187516,0.6090833333333334,1
244954629,0.6091666666666665,1
245084788,0.6092500000000001,1
245237149,0.6096785714285713,1
245144704,0.6102380952380952,1
231855156,0.610625,1
129477105,0.6110238095238095,1
124928398,0.6125833333333334,1
245251766,0.6125833333333334,1
245165681,0.6126785714285713,1
245229461,0.6129166666666667,1
245180279,0.6132500000000001,1
245161496,0.6134999999999999,1
245067806,0.61375,1
245080023,0.6140674603174604,1
245098289,0.6142916666666667,1
244935360,0.6144166666666666,1
245169410,0.6149166666666666,1
244947916,0.6161666666666666,1
245187622,0.6170833333333333,1
244989354,0.6172380952380953,1
245221598,0.61825,1
240674542,0.6184761904761904,1
245245395,0.6185119047619048,1
245181416,0.6185714285714287,1
245112933,0.6186071428571427,1
245191639,0.6189166666666668,1
245012812,0.6203333333333334,1
245096878,0.6216666666666666,1
245129244,0.6219523809523809,1
122773960,0.6220833333333334,1
245108253,0.6222500000000002,1
245171841,0.6224999999999999,1
128601644,0.6226666666666665,1
245032916,0.6226666666666667,1
244965246,0.6230833333333335,1
245180894,0.6232500000000001,1
245047913,0.6235833333333334,1
245028135,0.6240833333333332,1
245269215,0.6245,1
244982410,0.6246904761904761,1
245087592,0.6248809523809524,1
245125071,0.6250833333333333,1
245206433,0.6253928571428572,1
245174611,0.6256666666666666,1
128131161,0.62625,1
244957504,0.6266666666666666,1
245242204,0.6269166666666667,1
245124554,0.6275000000000001,1
239474933,0.6275476190476192,1
244941406,0.6285357142857142,1
245152431,0.6291666666666667,1
245135734,0.6295,1
245256028,0.6297380952380952,1
244922410,0.62975,1
245097023,0.6309880952380953,1
245255130,0.6315952380952381,1
245157299,0.6316249999999999,1
245067304,0.63175,1
245124901,0.6321904761904762,1
245194959,0.6325178571428571,1
245254600,0.6325595238095238,1
245121012,0.6326666666666667,1
245256970,0.6338690476190476,1
245032461,0.6341488095238096,1
245073377,0.6371666666666667,1
245142086,0.6375238095238096,1
245152181,0.6394464285714286,1
244967967,0.6395833333333334,1
245047098,0.6417499999999999,1
244953974,0.6437142857142857,1
245071110,0.6440833333333333,1
245124796,0.6464583333333335,1
245170685,0.6475,1
244988097,0.6485833333333332,1
244950418,0.6515833333333333,1
245167396,0.654190476190476,1
245061918,0.6545833333333333,1
245118389,0.6565000000000001,1
245139839,0.6565833333333332,1
245159824,0.6632777777777779,1
245041848,0.664125,1
245090896,0.6656666666666665,1
245236757,0.6673750000000002,1
245111600,0.6700833333333334,1
245216267,0.6715833333333333,1
245202214,0.6718690476190475,1
245098446,0.6734107142857141,1
244936350,0.6757083333333332,1
245134457,0.6757738095238095,1
245201275,0.6908333333333333,1
245103289,0.6921666666666666,1
245150868,0.6932976190476192,1
245226061,0.6982499999999999,1
245060967,0.7225833333333332,1
