UNIQUE_ID,Hire
245219596,0
245093276,0
245201579,0
245117218,0
244992910,0
245100055,0
245171707,0
245216653,0
245202022,0
245159806,0
245135377,0
245044435,0
245229461,0
245229148,0
245063824,0
245161299,0
245136104,0
245180993,0
245240363,0
245030670,0
245043129,0
232228141,0
245167396,0
245170080,0
239789003,0
245113639,0
245146753,0
245118252,0
245180089,0
245097521,0
245202470,0
245080023,0
245207393,0
244932780,0
244945196,0
245237149,0
235440469,0
245098206,0
245052255,0
245185718,0
245057767,0
245247172,0
245196515,0
245160514,0
245207750,0
245109315,0
245241740,0
245026619,0
245060681,0
245096151,0
245260360,0
245063581,0
245255130,0
245081195,0
245079631,0
245081525,0
238696423,0
245073348,0
243026936,0
245067304,0
245096689,0
233207928,0
245219861,0
245161496,0
245160525,0
245123847,0
245055561,0
245063682,0
245265140,0
245196796,0
242196579,0
245185960,0
245041630,0
245109100,0
245090787,0
245098289,0
244956347,0
245124326,0
245135578,0
245146183,0
245186294,0
245084090,0
244945959,0
245167380,0
245133544,0
245192569,0
245000430,0
245129317,0
245080700,0
245081002,0
245146648,0
242594670,0
245050623,0
245098446,0
245226499,0
245171841,0
245167363,0
245216837,0
245220226,0
245074816,0
241798168,0
245206276,0
245116833,0
245120380,0
230044120,0
245033641,0
245119710,0
245061530,0
245033117,0
245087156,0
244998849,0
245100492,0
245082142,0
245128723,0
245103573,0
245012501,0
245084165,0
245118389,0
244964866,0
245187516,0
245151381,0
245074708,0
245051869,0
245191598,0
245145502,0
244979023,0
245060428,0
245033187,0
245202774,0
245178745,0
240101779,0
235264448,0
245191639,0
245101153,0
245161977,0
245107170,0
245090400,0
245129619,0
244966914,0
244960543,0
245127156,0
245092130,0
245176103,0
245036031,0
245076352,0
240019554,0
245041649,0
245147704,0
245067678,0
245095913,0
245225600,0
245084645,0
245219180,0
245185719,0
245091511,0
245037672,0
245074901,0
245206687,0
245096767,0
245180938,0
245229179,0
245080312,0
245103651,0
245144452,0
245011008,0
245093453,0
245033331,0
245145699,0
242331177,0
245180439,0
241774483,0
244991125,0
245251641,0
245081120,0
244964284,0
245216971,0
245204977,0
245212307,0
245139839,0
245097156,0
240572063,0
245112963,0
245230120,0
245118273,0
245103431,0
245212568,0
245094068,0
245171726,0
245079994,0
244956548,0
122883674,0
245160188,0
245127407,0
245207131,0
244961587,0
245069812,0
245056028,0
245135338,0
245247459,0
245145157,0
245141551,0
245111600,0
245096593,0
244953974,0
245012439,0
245120912,0
245091936,0
245111982,0
245133847,0
245057316,0
245221598,0
245207788,0
245123814,0
245040289,0
244980762,0
245081327,0
122369165,0
245116968,0
244956008,0
245248745,0
244994904,0
245195418,0
242575537,0
245156413,0
245091492,0
245226281,0
245041333,0
245195558,0
245113044,0
245086817,0
245205740,0
245151303,0
244964757,0
245128977,0
239031344,0
238465003,0
125237367,0
245113043,0
245141266,0
245174649,0
245012886,0
245030127,0
245129318,0
223699200,0
245256148,0
245105628,0
245041848,0
245192712,0
245085023,0
245260439,0
244231855,0
245181756,0
245179128,0
245176806,0
245081608,0
245165370,0
244954071,0
245236757,0
245102196,0
245178847,0
245144743,0
245044396,0
245030976,0
245046316,0
245151808,0
245091951,0
245278411,0
245051138,0
245180279,0
244968699,0
245100351,0
245087624,0
245089077,0
245098533,0
245152712,0
244922410,0
245150192,0
242445320,0
241335589,0
245211362,0
245157299,0
245090239,0
234317947,0
245128985,0
245124778,0
245169738,0
245043777,0
245041388,0
245254444,0
245155695,0
245033144,0
234622756,0
245224846,0
245185380,0
245166127,0
245139162,0
245231599,0
245043563,0
240552567,0
245154366,0
244290605,0
245118260,0
244909050,0
245000497,0
245100424,0
245235495,0
245085490,0
245089635,0
245042580,0
245171549,0
245013875,0
245140604,0
241500563,0
245033540,0
245170137,0
245175161,0
245145842,0
245196076,0
245201215,0
245259113,0
245092246,0
245150214,0
245171170,0
245165790,0
244984840,0
245015148,0
245133666,0
125594054,0
245107550,0
236698490,0
245187396,0
244935111,0
245264854,0
245059313,0
244410361,0
230510806,0
245150929,0
245140781,0
245134003,0
245231409,0
245027842,0
245221012,0
245165734,0
245236012,0
245171396,0
245117167,0
230257297,0
234973763,0
244945818,0
244940560,0
245087239,0
245205961,0
226381273,0
242971856,0
244954193,0
245252212,0
245097154,0
245062205,0
245016686,0
245201829,0
245181937,0
245022456,0
244984990,0
245177051,0
244942310,0
242442413,0
245176277,0
238425165,0
245152181,0
245112206,0
245098542,0
245219383,0
245148232,0
245114580,0
245220684,0
245267706,0
245140866,0
241658019,0
238849888,0
245037781,0
245043801,0
245156058,0
229905162,0
245135734,0
125746000,0
245061861,0
245067122,0
245191383,0
245133964,0
245205838,0
245045668,0
244986095,0
244935805,0
245212860,0
245096268,0
245134457,0
235890812,0
245003436,0
244960493,0
244588530,0
245038356,0
245270023,0
245073783,0
245008235,0
245220402,0
245108253,0
245070148,0
243173021,0
245042622,0
245202214,0
245123100,0
245208479,0
245205124,0
245201938,0
238279727,0
239394100,0
245155518,0
245091541,0
245064449,0
245062316,0
245089503,0
244985008,0
245161169,0
245117359,0
242123170,0
245114880,0
245063868,0
245090795,0
245036779,0
234596175,0
245074237,0
244985227,0
245146910,0
244977383,0
125388949,0
245145198,0
245152065,0
244992620,0
245197190,0
245224739,0
245040488,0
245180894,0
245160450,0
245080585,0
245075032,0
245117013,0
245108951,0
245123511,0
245192188,0
245090520,0
245073402,0
244936350,0
245056367,0
125652130,0
245107518,0
245109764,0
235137680,0
245261406,0
245174597,0
245113092,0
245002239,0
245033005,0
126186263,0
244937351,0
245136733,0
245086156,0
125857499,0
245127990,0
245124865,0
245147019,0
245181480,0
245186049,0
245166668,0
241960045,0
245130237,0
245095956,0
245128884,0
245140943,0
245140681,0
245080520,0
245187093,0
245023516,0
245036780,0
125329969,0
245061568,0
245037789,0
245012655,0
245089960,0
245156010,0
244945589,0
245063389,0
230765516,0
241817275,0
245219469,0
241840660,0
245085976,0
245118453,0
245121012,0
244964621,0
245146550,0
245091726,0
245005321,0
245196918,0
245074086,0
245080593,0
245205624,0
245256028,0
128601644,0
245180098,0
245061023,0
245093012,0
245170368,0
245113454,0
245007355,0
244960559,0
244966244,0
244894953,0
245075574,0
245063904,0
239173408,0
244961453,0
245036012,0
245107641,0
245060040,0
245165249,0
245195035,0
245050367,0
245118395,0
244972267,0
245150553,0
245246877,0
245150052,0
245202131,0
245175597,0
244999025,0
245166310,0
245192848,0
245108961,0
128131161,0
122590365,0
245095777,0
245043116,0
245175423,0
245107744,0
244154418,0
244947722,0
245100523,0
244974543,0
244848623,0
245181416,0
244947916,0
130673714,0
122486436,0
245151623,0
245087423,0
245156872,0
245241848,0
245008120,0
245244735,0
245146571,0
242261172,0
245241103,0
245112571,0
245142020,0
245115075,0
241590422,0
245162263,0
245032067,0
244954035,0
242806835,0
244950168,0
245176449,0
244941406,0
245174637,0
227117606,0
245178750,0
245229389,0
245144803,0
244953146,0
245170713,0
245085137,0
245167432,0
242583134,0
245156232,0
245040501,0
245060249,0
245064598,0
245017414,0
245086023,0
241411185,0
245115128,0
245046266,0
245152883,0
245116698,0
240261278,0
245109472,0
245129327,0
238256517,0
245098322,0
245089141,0
245002813,0
245060086,0
245155605,0
245119703,0
122181336,0
245181839,0
244989354,0
244937136,0
245129209,0
245096727,0
245125053,0
245075073,0
245201275,0
245140443,0
245207838,0
245115341,0
245152535,0
245067806,0
245256472,0
245205853,0
245216367,0
244989621,0
245186728,0
245109457,0
245115131,0
245074400,0
245032943,0
245181278,0
245113526,0
245028455,0
245085350,0
245140585,0
245085381,0
245102812,0
245060833,0
245013968,0
244968611,0
245230977,0
244984511,0
240384991,0
245112933,0
245248101,0
245100801,0
245124740,0
245038005,0
245142309,0
245196978,0
245065788,0
245229722,0
240008381,0
245252764,0
245248495,0
244797505,0
245175413,0
245014871,0
245113956,0
245052904,0
244981925,0
245207622,0
244987431,0
245155432,0
245069561,0
242301971,0
245205891,0
244959495,0
245241237,0
245169673,0
245089708,0
245034949,0
245154295,0
245046356,0
245112638,0
240674542,0
245242303,0
245179347,0
244958839,0
234923118,0
245147827,0
245067450,0
245120903,0
244762809,0
244565048,0
245159588,0
245202890,0
244957600,0
245055346,0
245134522,0
245236393,0
244987714,0
245047166,0
128056006,0
245047745,0
245051900,0
223891829,0
245150279,0
245144600,0
245246377,0
245122170,0
244959938,0
245229103,0
245241743,0
245001660,0
245092129,0
245213911,0
245041436,0
245155989,0
245141179,0
245041946,0
245202667,0
245066388,0
245226688,0
245190028,0
245208539,0
245119636,0
245002512,0
245114847,0
245035555,0
245119643,0
245096683,0
245115218,0
245250765,0
244972216,0
244985330,0
245109906,0
245075009,0
245150844,0
245186537,0
245057257,0
245055109,0
245147493,0
245095918,0
245142043,0
245026037,0
245187809,0
245138556,0
245226461,0
245113392,0
245130595,0
245080148,0
245100408,0
239470277,0
244334408,0
245114523,0
245098061,0
245196538,0
245138635,0
245035564,0
245002178,0
244456147,0
245226345,0
245180340,0
245205287,0
245220727,0
245085596,0
245237284,0
243405074,0
245205410,0
125984614,0
126081686,0
245075748,0
244973486,0
245040835,0
245155877,0
245074457,0
245064965,0
245172511,0
245100354,0
230702492,0
245122398,0
244941091,0
245205120,0
242938701,0
236248808,0
234416884,0
244982051,0
245047378,0
238585319,0
245108719,0
243373481,0
233243321,0
245109218,0
245191124,0
245156599,0
244292501,0
245114650,0
245196193,0
245130791,0
245225154,0
245046219,0
245136607,0
245226045,0
239610576,0
237271787,0
245205747,0
245160706,0
245170710,0
239567941,0
245245110,0
245129336,0
241109731,0
245219945,0
245042444,0
245151105,0
243360854,0
239512149,0
245161235,0
244997505,0
238621378,0
245250893,0
229824893,0
245151143,0
245061014,0
245261354,0
244738945,0
244961466,0
245129097,0
245235497,0
244962788,0
244949631,0
245047872,0
245059357,0
245211165,0
245146741,0
244950003,0
245237160,0
245101605,0
241665246,0
245155093,0
231733959,0
245196374,0
245088777,0
244797238,0
245252280,0
245173199,0
243866115,0
241794266,0
245127441,0
245114465,0
241338401,0
245013840,0
245202305,0
242998488,0
245231802,0
244944634,0
245201797,0
245037735,0
245167774,0
245160740,0
245150592,0
245247454,0
245202234,0
245180819,0
245185056,0
245066309,0
245229149,0
245133730,0
245187810,0
245121728,0
244989776,0
245083894,0
245096766,0
245170527,0
245169754,0
245059555,0
245145500,0
245130013,0
245016283,0
245224891,0
244971834,0
245096001,0
245252169,0
245199141,0
245260675,0
245065393,0
241793656,0
245166261,0
244984721,0
245116564,0
244940132,0
245043725,0
245020690,0
245229412,0
244952906,0
245181440,0
243391758,0
244931198,0
245155678,0
245064506,0
244917891,0
124621507,0
245188321,0
245084724,0
245060099,0
245144639,0
245093346,0
242922263,0
243411946,0
245167147,0
241553650,0
245134442,0
245113575,0
245106722,0
245246381,0
245052570,0
245152705,0
245152512,0
245050553,0
245164253,0
245226459,0
242843929,0
245102091,0
245205368,0
245030691,0
244942102,0
245051329,0
244672074,0
245052320,0
236045848,0
245043553,0
245237394,0
245162341,0
245074268,0
245022065,0
241092454,0
245171692,0
245226891,0
245072831,0
240764806,0
245145242,0
245074281,0
245092091,0
245119476,0
245112728,0
245195133,0
236796233,0
245097386,0
244956242,0
245122193,0
244277622,0
245177393,0
242246793,0
243092191,0
245114158,0
245046588,0
232295671,0
245075803,0
244985764,0
245105553,0
244985047,0
245102496,0
245108955,0
245080519,0
239280277,0
244982113,0
245230833,0
245166767,0
245055627,0
244286331,0
245093581,0
245109844,0
245201581,0
240788520,0
242180092,0
245107110,0
245130635,0
245090144,0
245121376,0
245228741,0
245177193,0
245234641,0
244964597,0
245196172,0
245205790,0
240880229,0
245175605,0
244998858,0
245109114,0
245171531,0
240626947,0
244964867,0
244991655,0
242758897,0
245261109,0
245009137,0
243422421,0
245180277,0
245176479,0
245172865,0
240362379,0
245205581,0
245107141,0
245040558,0
245202936,0
245074836,0
231316963,0
243359684,0
242139392,0
244963803,0
228411684,0
244968095,0
245091989,0
242791077,0
245064784,0
242288245,0
244662308,0
245050180,0
245216637,0
226725426,0
232621120,0
245230474,0
245030186,0
245227768,0
245037592,0
245070671,0
245084894,0
245136184,0
245006306,0
245026002,0
242526305,0
245225283,0
245206550,0
245139808,0
245144422,0
245171499,0
245094067,0
245096120,0
245139317,0
245191350,0
239583219,0
245048150,0
245099705,0
245067514,0
245096579,0
233995410,0
245181016,0
245226067,0
245112739,0
245078767,0
245100816,0
245199183,0
245242184,0
245069762,0
242468404,0
245190737,0
245177228,0
245216205,0
245074136,0
245003204,0
245211889,0
245130601,0
241891531,0
245124335,0
245219956,0
245181771,0
245103477,0
245274386,0
245065609,0
121280206,0
245087122,0
244973687,0
245074048,0
245146410,0
245192684,0
238720469,0
245128678,0
245142238,0
245078913,0
239652052,0
245054898,0
245090219,0
245046720,0
245123873,0
245217109,0
245007561,0
245073261,0
244973608,0
245086271,0
245235743,0
245098106,0
245144615,0
239510958,0
245159934,0
245277883,0
245205015,0
244242718,0
245269934,0
245039419,0
245048041,0
245067710,0
245060640,0
240061250,0
245169755,0
245200691,0
245118798,0
245156342,0
245141794,0
245064689,0
244965314,0
245015823,0
241982151,0
245150901,0
245093075,0
245191877,0
245089610,0
245115076,0
245091697,0
245235524,0
245225545,0
245211665,0
245079098,0
245216887,0
245207096,0
235093889,0
245147943,0
245242755,0
245175044,0
245091861,0
244936722,0
245202601,0
245152675,0
243179072,0
245121055,0
245220239,0
245229080,0
245260480,0
245155947,1
245090762,1
244964945,1
235562614,1
240065100,1
245085101,1
239067290,1
245198971,1
228365169,1
245086319,1
245011544,1
245086075,1
245113474,1
245091243,1
245144562,1
245236878,1
245175729,1
244995123,1
245106815,1
245096473,1
245021376,1
245109224,1
242488466,1
245035199,1
245118814,1
245162284,1
245074029,1
245128153,1
245181078,1
245025486,1
245192771,1
245198272,1
245176018,1
245169047,1
244968548,1
245073284,1
123305025,1
230985504,1
245082308,1
245208089,1
245150887,1
245207664,1
232425493,1
245252609,1
245217078,1
244950844,1
245091226,1
234569735,1
245037321,1
245190111,1
245051032,1
245017841,1
245185675,1
245125108,1
133910211,1
245056755,1
245170974,1
242882075,1
245035346,1
245099000,1
245256078,1
245133746,1
124901647,1
245037442,1
245199044,1
245170509,1
245212369,1
245021537,1
244972286,1
245259886,1
245080143,1
245141898,1
245155707,1
245195860,1
245172739,1
245185835,1
121638744,1
244519934,1
245135058,1
245021228,1
245206522,1
239439734,1
245108318,1
245154953,1
245229323,1
245226141,1
245251418,1
245048477,1
245033338,1
245100898,1
245184973,1
244944677,1
245247523,1
245146406,1
245177289,1
245074848,1
239474138,1
245003621,1
244988033,1
245145042,1
245216787,1
245091347,1
245085379,1
245240740,1
241373224,1
245067471,1
244954480,1
245171646,1
245102487,1
244989200,1
245196443,1
244965338,1
245022720,1
245206861,1
245042256,1
245113460,1
244982626,1
245129377,1
245172910,1
244049660,1
245007964,1
244987619,1
245112148,1
245117471,1
245269215,1
245219223,1
245150314,1
120075759,1
245196921,1
244163154,1
244963250,1
245080721,1
231577651,1
245207900,1
245152671,1
245131000,1
245207165,1
245026053,1
245000799,1
244967871,1
242790065,1
245187329,1
232417855,1
245001600,1
238872295,1
245130788,1
245212311,1
244961199,1
245179789,1
245118383,1
242701989,1
245241642,1
245097030,1
244533694,1
245190675,1
129236840,1
245115005,1
245180077,1
245155312,1
245140224,1
245224560,1
244986043,1
241678991,1
245084444,1
244960688,1
240552346,1
245071246,1
245254661,1
245097642,1
245139130,1
245252129,1
245164574,1
245166324,1
245180139,1
245145579,1
245191039,1
245166647,1
245100385,1
235501020,1
245154486,1
245160769,1
245073758,1
245073240,1
245186493,1
245152617,1
245171593,1
242521272,1
245144693,1
245179298,1
245187004,1
245102007,1
245117486,1
245103618,1
245190894,1
245173300,1
245101926,1
245198486,1
244954960,1
245093334,1
129090216,1
245101449,1
245070234,1
245073537,1
245274105,1
245120838,1
245211823,1
245138725,1
245133624,1
245202932,1
245075354,1
245226027,1
244959554,1
245001310,1
245091927,1
245075090,1
245156412,1
245259279,1
244988909,1
244977803,1
244953027,1
245122249,1
245108656,1
244979226,1
237976547,1
245187519,1
244149863,1
245134696,1
242291086,1
245175066,1
245048211,1
245044356,1
245121494,1
245206667,1
245057464,1
245192889,1
245185343,1
245122905,1
232300072,1
245010243,1
245078565,1
245154622,1
121734656,1
244987969,1
126151038,1
245060970,1
245079332,1
245230656,1
245047653,1
245041843,1
245120372,1
245123538,1
245154603,1
245060592,1
245032229,1
245113114,1
245196446,1
244961057,1
245079142,1
245120392,1
245190787,1
239016741,1
245170901,1
245140756,1
245136246,1
245052715,1
245216485,1
245084624,1
245229956,1
245113613,1
245113588,1
245041517,1
245036746,1
245127689,1
245093550,1
245195504,1
245067180,1
245216857,1
245140727,1
245161039,1
245103244,1
245206266,1
245217086,1
245186678,1
245102412,1
245087253,1
245175315,1
245153046,1
244933794,1
245032961,1
242977376,1
245103289,1
245148619,1
245061753,1
245159824,1
245093341,1
125028230,1
245097608,1
245242002,1
245112344,1
245010579,1
244991167,1
245073705,1
245179910,1
245144704,1
231047809,1
245205997,1
245184490,1
245117209,1
245122658,1
245101773,1
244987529,1
245151183,1
244967034,1
245083899,1
245211902,1
245036088,1
244964674,1
245171185,1
245014942,1
245207928,1
245152377,1
245005546,1
245241027,1
245107770,1
245144002,1
245127707,1
245052007,1
245051324,1
245095602,1
245180336,1
244973425,1
245127138,1
245101670,1
245200991,1
245144067,1
244985666,1
245165251,1
245160246,1
238101308,1
244945087,1
244953133,1
241995384,1
245151275,1
245151287,1
245090277,1
245120551,1
245107285,1
245135166,1
245091455,1
245156089,1
236247410,1
245167141,1
245197287,1
245205873,1
245111704,1
241986635,1
245084897,1
241013620,1
245170988,1
245052495,1
245122312,1
245083457,1
235593398,1
243052588,1
245130673,1
232579258,1
245120591,1
245235335,1
244945447,1
245100656,1
245113960,1
245120341,1
245051489,1
245171317,1
245064606,1
245073628,1
245136772,1
245145274,1
244984652,1
245134600,1
245116613,1
245087299,1
244629031,1
245080503,1
245211814,1
245264514,1
245160871,1
235895677,1
245166152,1
232121707,1
244935669,1
245056384,1
245186977,1
244948305,1
245152666,1
245126833,1
245127731,1
245264325,1
245166592,1
245065026,1
242906329,1
245116930,1
245187557,1
245141340,1
245166680,1
245123333,1
245164664,1
245118023,1
245247256,1
122558527,1
242108587,1
238470359,1
245174356,1
245107606,1
122810275,1
125354354,1
245134095,1
245173085,1
245246002,1
233263815,1
244981928,1
245022833,1
244987651,1
239426977,1
245141516,1
245057402,1
124682173,1
243009966,1
245070813,1
245130042,1
245123604,1
245161993,1
245119568,1
245146408,1
245021824,1
245028247,1
245176733,1
245207849,1
240271624,1
244169670,1
245118667,1
245140745,1
245066685,1
245042066,1
245070807,1
245206971,1
245086472,1
245269761,1
231595625,1
245245339,1
245030673,1
245140636,1
245226779,1
245181738,1
241829949,1
245087440,1
245106871,1
233968011,1
245119174,1
244977850,1
245100202,1
245121180,1
245023223,1
245174854,1
245087527,1
245155926,1
245230699,1
235384583,1
237637272,1
245252532,1
245027211,1
244963500,1
245070668,1
245123687,1
245268078,1
245202905,1
245065075,1
245169787,1
124627996,1
244964930,1
245274271,1
245185367,1
245097376,1
245134970,1
245194874,1
245031549,1
245252211,1
245082032,1
245181475,1
245142107,1
245051308,1
245085340,1
245154282,1
244940102,1
245087708,1
245141189,1
245168959,1
245139897,1
229966157,1
245160608,1
121953360,1
245108449,1
245123335,1
245122791,1
245140094,1
245171422,1
245225261,1
245085559,1
245222868,1
245254782,1
241584254,1
245023532,1
245147147,1
242265546,1
125521028,1
242971061,1
245141007,1
245078756,1
125637261,1
245206968,1
245226120,1
245177015,1
123172385,1
245116708,1
245243020,1
245191889,1
245186409,1
245118006,1
245147039,1
244969026,1
245057597,1
245159960,1
245091525,1
245096861,1
245098358,1
245035416,1
245112955,1
245202492,1
120606170,1
245031467,1
245185113,1
245213509,1
245202067,1
245120501,1
245166762,1
245198315,1
245118423,1
245061426,1
245160959,1
245061207,1
245118882,1
244952880,1
245117360,1
244975112,1
245226193,1
245166947,1
230276302,1
245074682,1
245037526,1
245057166,1
245225855,1
245211300,1
245150741,1
244514993,1
244993004,1
245116664,1
244989604,1
245185209,1
245067227,1
245151114,1
244956938,1
245179923,1
123852080,1
245134725,1
233048109,1
245032916,1
245138191,1
245111803,1
245226474,1
245252260,1
245073230,1
245133657,1
245219245,1
245080246,1
245140623,1
245196790,1
245125157,1
245231726,1
245205872,1
245171114,1
245023117,1
245128464,1
244968934,1
245065895,1
245096597,1
244961124,1
244936678,1
245085657,1
245085433,1
245086101,1
245169510,1
245037991,1
245122625,1
245139485,1
245151636,1
245092816,1
245136296,1
245118684,1
245185561,1
245194451,1
245138831,1
244973741,1
245150868,1
241220162,1
245184928,1
242129605,1
245247588,1
245092727,1
245033630,1
245148020,1
244989646,1
245241474,1
244954494,1
245081248,1
245248001,1
245085652,1
245216795,1
245190921,1
245016647,1
245064642,1
245160307,1
245066239,1
245133532,1
244998736,1
245164523,1
245010527,1
244946502,1
245222606,1
245059991,1
245242085,1
245122310,1
244965040,1
245152473,1
245151791,1
245231439,1
245091295,1
245123647,1
245123750,1
245208325,1
245127268,1
232439390,1
245113083,1
245089362,1
245086374,1
245086741,1
245078999,1
245084500,1
245178893,1
245159883,1
245146885,1
245174611,1
244953979,1
245170549,1
245136238,1
244985780,1
245081153,1
245121005,1
245006211,1
245144110,1
244973376,1
244964512,1
245191255,1
245134472,1
245222781,1
245187397,1
245229020,1
245095895,1
245028109,1
245207890,1
244987909,1
245152331,1
245255547,1
245012812,1
245176908,1
245037996,1
244989748,1
245152109,1
245186112,1
245140334,1
234625315,1
245087317,1
245122410,1
237890259,1
245062199,1
245127759,1
245152431,1
245001973,1
244944520,1
126237468,1
245047453,1
245074781,1
245124874,1
244993302,1
245109402,1
245187705,1
245047832,1
245044399,1
245047967,1
245156612,1
245146740,1
245103686,1
245066132,1
245165079,1
245196208,1
245162029,1
245129649,1
242188546,1
245067578,1
245187838,1
231415841,1
245022765,1
245202457,1
245017985,1
245186480,1
245144949,1
245150957,1
237781221,1
244977675,1
129161617,1
244963164,1
245185674,1
235475168,1
245036486,1
245203329,1
245093196,1
244954629,1
245090631,1
245135781,1
245224795,1
245174838,1
245275151,1
245011479,1
245124580,1
245060577,1
245184952,1
245005985,1
245078434,1
245119013,1
244997072,1
244994659,1
245265336,1
245171693,1
245156124,1
245178624,1
230879656,1
239601948,1
245119223,1
245187622,1
245202221,1
245090685,1
245114667,1
245043700,1
244964786,1
245059742,1
245102058,1
245117338,1
245220483,1
245206670,1
245127307,1
124985082,1
245146365,1
245122164,1
245114154,1
245100136,1
245150432,1
245162135,1
245174884,1
241918818,1
245129179,1
245118097,1
245128148,1
244955263,1
245152751,1
245061918,1
245085194,1
245154493,1
245222270,1
245170811,1
245032461,1
129477105,1
244964459,1
245098177,1
245174423,1
245060551,1
245041314,1
245211320,1
245098090,1
245207949,1
245252182,1
245203040,1
245060802,1
245108482,1
245127936,1
245235202,1
245085027,1
233098238,1
245221512,1
123076985,1
245113645,1
245179913,1
245166714,1
245196496,1
245108959,1
245120940,1
245256600,1
245120470,1
245037060,1
245114491,1
245085229,1
245180725,1
245031795,1
245213749,1
245102374,1
244967670,1
245173002,1
244964781,1
221400030,1
245205218,1
245113922,1
245101924,1
245035662,1
245192112,1
240204764,1
244978580,1
229999012,1
245117275,1
122813298,1
245094053,1
244964754,1
245090471,1
244956854,1
245086408,1
245057242,1
245123537,1
245084788,1
245060055,1
244988818,1
245119463,1
241427297,1
245070991,1
244988097,1
245048395,1
245064424,1
245059583,1
245213755,1
245001425,1
232487774,1
245119120,1
244989845,1
245152282,1
245107593,1
245135068,1
245130587,1
245109070,1
245062166,1
245101531,1
245129996,1
245027772,1
245144430,1
241462525,1
245212492,1
245085940,1
244991647,1
245206144,1
244957163,1
245090473,1
245207344,1
245133607,1
240843434,1
245109529,1
245064148,1
245067068,1
238475118,1
245142086,1
245145984,1
245251766,1
245161482,1
244967460,1
245167001,1
245073955,1
245152191,1
232817673,1
245060567,1
245002975,1
244998661,1
245194566,1
245130864,1
245021850,1
245201090,1
245181576,1
245230784,1
245079388,1
245113597,1
239634464,1
245065637,1
244952052,1
245092118,1
245216758,1
245139710,1
245100430,1
245097228,1
244985872,1
245096878,1
124928398,1
245180976,1
235944592,1
241596047,1
245255482,1
244957715,1
245112420,1
245147024,1
245035593,1
245106669,1
245060886,1
245016196,1
245133853,1
244930667,1
245150348,1
245165299,1
239598404,1
245046454,1
245155431,1
245262908,1
245043520,1
245096499,1
245272968,1
245127952,1
245192990,1
245094164,1
245146219,1
245071110,1
238233850,1
245254600,1
245086279,1
245087223,1
245121971,1
245179112,1
125736637,1
244930781,1
125133995,1
231615474,1
245179623,1
245066035,1
245173124,1
245170535,1
245075618,1
245245395,1
128668065,1
245155919,1
245021713,1
244786953,1
245135352,1
123005167,1
241808166,1
245151535,1
245156067,1
245135671,1
245247439,1
244982410,1
244967234,1
233953832,1
244957504,1
245166636,1
245147681,1
244965246,1
245102932,1
245056800,1
244982432,1
245085430,1
245172178,1
123437967,1
244948376,1
244984666,1
245125019,1
245172978,1
244958003,1
245170498,1
245135827,1
123184668,1
243030975,1
245097023,1
245140686,1
231025818,1
245087592,1
245134802,1
245116376,1
245112222,1
126007443,1
245179804,1
245093227,1
244981584,1
245122419,1
245226061,1
245076253,1
245166242,1
244967967,1
245021394,1
245085604,1
245124554,1
245061210,1
245100745,1
245122304,1
245255189,1
244935360,1
245102528,1
245047098,1
245068278,1
245047913,1
245028135,1
245242204,1
245108003,1
245190910,1
128532209,1
245165681,1
244988205,1
244930818,1
245255599,1
245194959,1
245084401,1
245107646,1
245108549,1
244622038,1
245114180,1
245141549,1
245125071,1
245051416,1
236428235,1
244256659,1
245055023,1
245206433,1
245146287,1
245151354,1
245225046,1
245081230,1
244968407,1
244967661,1
228615774,1
245203249,1
245211118,1
245177600,1
230177111,1
244973717,1
245122787,1
244983010,1
245106823,1
245074697,1
232320128,1
245212741,1
245159604,1
245173189,1
245101417,1
245075734,1
245146502,1
245014647,1
244418625,1
244963197,1
245091221,1
245156732,1
245129244,1
245073377,1
245002399,1
229984071,1
245216267,1
245246968,1
245070748,1
245202809,1
245102047,1
245124796,1
245041899,1
245212797,1
245089854,1
245128274,1
245149971,1
245090896,1
244931028,1
245080295,1
125092751,1
245248463,1
245190294,1
245141320,1
245140220,1
245169410,1
244999226,1
245240017,1
245064301,1
244988989,1
245200959,1
244978941,1
245145746,1
231855156,1
245093945,1
245140829,1
239474933,1
245172585,1
245170685,1
245002908,1
245134681,1
245079281,1
241255734,1
245145232,1
245192846,1
245107217,1
245124821,1
122773960,1
124007943,1
245192475,1
245060967,1
236256324,1
244929932,1
125203157,1
244950418,1
245256970,1
245198458,1
245091691,1
245124901,1
